IDT,Date,Team1,loc1,Score1,Team2,loc2,Score2,AwayQ1,AwayQ2,AwayQ3,AwayQ4,HomeQ1,HomeQ2,HomeQ3,HomeQ4
401468018,2022-10-19,Magic,Away,109,Pistons,Home,113,28,27,28,26,17,40,34,22
401468019,2022-10-19,Wizards,Away,114,Pacers,Home,107,36,24,27,27,25,27,25,30
401468020,2022-10-19,Rockets,Away,107,Hawks,Home,117,20,30,30,27,26,33,25,33
401468021,2022-10-19,Pelicans,Away,130,Nets,Home,108,32,26,40,32,14,36,28,30
401468022,2022-10-19,Bulls,Away,116,Heat,Home,108,28,31,37,20,33,26,27,22
401468023,2022-10-19,Cavaliers,Away,105,Raptors,Home,108,22,35,27,21,28,23,25,32
401468024,2022-10-19,Knicks,Away,112,Grizzlies,Home,115,23,23,33,29,25,36,24,23
401468025,2022-10-19,Thunder,Away,108,Timberwolves,Home,115,22,30,35,21,35,30,22,28
401468026,2022-10-19,Hornets,Away,129,Spurs,Home,102,38,30,30,31,22,25,28,27
401468027,2022-10-19,Nuggets,Away,102,Jazz,Home,123,30,23,27,22,37,38,19,29
401468028,2022-10-19,Mavericks,Away,105,Suns,Home,107,32,30,19,24,24,21,31,31
401468029,2022-10-19,"Trail Blazers",Away,115,Kings,Home,108,32,19,33,31,23,32,29,24
401468170,2022-10-20,Bucks,Away,90,76ers,Home,88,30,17,26,17,24,21,18,25
401468171,2022-10-20,Clippers,Away,103,Lakers,Home,97,35,21,29,18,23,33,21,20
401468172,2022-10-21,Pelicans,Away,124,Hornets,Home,112,35,26,32,31,24,27,34,27
401468173,2022-10-21,Spurs,Away,137,Pacers,Home,134,36,34,32,35,26,29,30,49
401468174,2022-10-21,Bulls,Away,100,Wizards,Home,102,30,20,24,26,26,30,21,25
401468175,2022-10-21,Magic,Away,98,Hawks,Home,108,27,27,27,17,19,31,30,28
401468176,2022-10-21,Raptors,Away,105,Nets,Home,109,24,28,27,26,28,21,29,31
401468177,2022-10-21,Celtics,Away,111,Heat,Home,104,30,29,30,22,22,29,26,27
401468178,2022-10-21,Pistons,Away,106,Knicks,Home,130,20,32,29,25,30,42,31,27
401468179,2022-10-21,Grizzlies,Away,129,Rockets,Home,122,26,36,33,34,32,38,30,22
401468180,2022-10-21,Jazz,Away,132,Timberwolves,Home,126,26,29,33,32,41,23,23,33
401468181,2022-10-21,Nuggets,Away,128,Warriors,Home,123,40,30,28,30,34,18,36,35
401468182,2022-10-21,Suns,Away,111,"Trail Blazers",Home,113,28,25,26,23,25,22,28,27
401468183,2022-10-22,Spurs,Away,114,76ers,Home,105,19,35,31,29,25,26,26,28
401468184,2022-10-22,Pistons,Away,115,Pacers,Home,124,35,21,23,36,25,27,36,36
401468185,2022-10-22,Celtics,Away,126,Magic,Home,120,36,32,31,27,33,35,26,26
401468186,2022-10-22,Raptors,Away,109,Heat,Home,112,33,17,33,26,38,33,21,20
401468187,2022-10-22,Cavaliers,Away,128,Bulls,Home,96,34,36,23,35,25,29,25,17
401468188,2022-10-22,Rockets,Away,105,Bucks,Home,125,23,25,31,26,41,26,31,27
401468189,2022-10-22,Grizzlies,Away,96,Mavericks,Home,137,17,19,35,25,39,25,35,38
401468190,2022-10-22,Thunder,Away,117,Nuggets,Home,122,29,26,30,32,28,27,33,34
401468191,2022-10-22,Clippers,Away,111,Kings,Home,109,29,23,34,25,26,29,25,29
401468192,2022-10-23,"Trail Blazers",Away,106,Lakers,Home,104,32,23,23,28,24,24,35,21
401468193,2022-10-23,Hornets,Away,126,Hawks,Home,109,22,37,45,22,30,25,29,25
401468194,2022-10-23,Wizards,Away,107,Cavaliers,Home,117,31,20,25,27,30,27,26,20
401468195,2022-10-23,Jazz,Away,122,Pelicans,Home,121,26,37,30,17,24,29,31,26
401468196,2022-10-23,Timberwolves,Away,116,Thunder,Home,106,31,22,29,34,18,26,30,32
401468197,2022-10-23,Kings,Away,125,Warriors,Home,130,36,35,23,31,39,50,24,17
401468198,2022-10-23,Suns,Away,112,Clippers,Home,95,33,28,25,26,18,23,31,23
401468199,2022-10-24,Pacers,Away,106,76ers,Home,120,23,23,30,30,33,31,26,30
401468200,2022-10-24,Raptors,Away,98,Heat,Home,90,27,21,23,27,23,20,33,14
401468201,2022-10-24,Magic,Away,102,Knicks,Home,115,28,31,23,20,34,31,31,19
401468202,2022-10-24,Celtics,Away,102,Bulls,Home,120,39,15,25,23,30,35,35,20
401468203,2022-10-24,Jazz,Away,108,Rockets,Home,114,18,27,28,35,21,30,26,37
401468204,2022-10-24,Nets,Away,124,Grizzlies,Home,134,34,35,28,27,39,25,45,25
401468205,2022-10-24,Spurs,Away,115,Timberwolves,Home,106,39,28,36,12,28,29,14,35
401468206,2022-10-24,Nuggets,Away,110,"Trail Blazers",Home,135,31,30,25,24,23,32,44,36
401468207,2022-10-25,Pistons,Away,99,Wizards,Home,120,25,24,26,24,28,28,29,35
401468208,2022-10-25,Mavericks,Away,111,Pelicans,Home,113,31,33,25,22,40,26,21,26
401468209,2022-10-25,Clippers,Away,94,Thunder,Home,108,18,25,25,26,23,26,35,24
401468210,2022-10-25,Warriors,Away,105,Suns,Home,134,29,37,20,19,37,35,33,29
401468211,2022-10-26,Magic,Away,92,Cavaliers,Home,103,24,26,19,23,30,24,19,30
401468212,2022-10-26,Hawks,Away,118,Pistons,Home,113,36,26,27,29,32,29,28,24
401468213,2022-10-26,Hornets,Away,131,Knicks,Home,134,30,32,28,32,32,37,29,24
401468214,2022-10-26,76ers,Away,109,Raptors,Home,119,27,26,26,30,35,28,26,30
401468215,2022-10-26,Nets,Away,99,Bucks,Home,110,20,35,21,23,25,18,35,32
401468216,2022-10-26,Pacers,Away,109,Bulls,Home,124,27,30,36,16,38,38,27,21
401468217,2022-10-26,Spurs,Away,122,Timberwolves,Home,134,28,25,41,28,39,29,34,32
401468218,2022-10-26,Rockets,Away,101,Jazz,Home,109,21,28,26,26,22,39,28,20
401468219,2022-10-26,Lakers,Away,99,Nuggets,Home,110,22,32,17,28,26,28,32,24
401468220,2022-10-26,Heat,Away,119,"Trail Blazers",Home,98,28,33,33,25,31,25,25,17
401468221,2022-10-27,Mavericks,Away,129,Nets,Home,125,30,31,29,22,23,36,25,28
401468222,2022-10-27,Clippers,Away,110,Thunder,Home,118,24,36,27,23,34,19,36,29
401468223,2022-10-27,Heat,Away,110,Warriors,Home,123,30,29,28,23,31,32,29,31
401468224,2022-10-27,Grizzlies,Away,125,Kings,Home,110,32,31,31,31,28,28,27,27
401468225,2022-10-28,Hawks,Away,136,Pistons,Home,112,35,34,37,30,29,38,27,18
401468226,2022-10-28,Hornets,Away,93,Magic,Home,113,19,11,23,40,22,29,31,31
401468227,2022-10-28,Cavaliers,Away,132,Celtics,Home,123,33,29,33,19,34,41,24,15
401468228,2022-10-28,76ers,Away,112,Raptors,Home,90,28,37,16,31,26,22,22,20
401468229,2022-10-28,Pacers,Away,127,Wizards,Home,117,36,39,26,26,28,32,30,27
401468230,2022-10-28,Knicks,Away,108,Bucks,Home,119,24,29,32,23,26,33,37,23
401468231,2022-10-28,Lakers,Away,102,Timberwolves,Home,111,25,27,23,27,28,24,26,33
401468232,2022-10-28,Bulls,Away,124,Spurs,Home,129,29,31,34,30,36,26,32,35
401468233,2022-10-28,Jazz,Away,101,Nuggets,Home,117,25,25,28,23,35,28,26,28
401468234,2022-10-28,Pelicans,Away,111,Suns,Home,124,27,25,31,28,21,36,36,31
401468235,2022-10-28,Rockets,Away,111,"Trail Blazers",Home,125,23,35,24,29,32,37,27,29
401468236,2022-10-29,Heat,Away,113,Kings,Home,119,23,26,33,31,32,39,19,29
401468237,2022-10-29,Warriors,Away,113,Hornets,Home,120,23,27,33,24,34,28,18,27
401468238,2022-10-29,Pacers,Away,125,Nets,Home,116,26,37,29,33,26,36,28,26
401468239,2022-10-29,76ers,Away,114,Bulls,Home,109,37,27,26,24,22,34,31,22
401468240,2022-10-29,Hawks,Away,115,Bucks,Home,123,30,21,33,31,32,27,32,32
401468241,2022-10-29,Thunder,Away,117,Mavericks,Home,111,27,19,26,27,25,26,20,28
401468242,2022-10-29,Grizzlies,Away,123,Jazz,Home,124,30,24,37,32,24,38,33,29
401468243,2022-10-30,Pelicans,Away,112,Clippers,Home,91,18,34,26,34,25,27,15,24
401468244,2022-10-30,Wizards,Away,94,Celtics,Home,112,15,32,21,26,34,24,29,25
401468245,2022-10-30,Knicks,Away,108,Cavaliers,Home,121,30,29,34,15,35,27,22,37
401468246,2022-10-30,Warriors,Away,114,Pistons,Home,128,37,18,36,23,29,34,37,28
401468247,2022-10-30,Timberwolves,Away,98,Spurs,Home,107,23,24,23,28,26,31,28,22
401468248,2022-10-30,Magic,Away,105,Mavericks,Home,114,34,26,23,22,29,31,28,26
401468249,2022-10-30,Rockets,Away,109,Suns,Home,124,24,32,30,23,29,36,25,34
401468250,2022-10-30,Nuggets,Away,110,Lakers,Home,121,31,20,34,25,26,29,38,28
401468251,2022-10-31,Kings,Away,115,Hornets,Home,108,24,28,37,26,34,33,18,23
401468252,2022-10-31,76ers,Away,118,Wizards,Home,111,30,22,34,32,28,24,21,38
401468253,2022-10-31,Pacers,Away,109,Nets,Home,116,18,36,31,24,33,28,31,24
401468254,2022-10-31,Hawks,Away,109,Raptors,Home,139,28,25,27,29,34,30,31,44
401468255,2022-10-31,Pistons,Away,108,Bucks,Home,110,23,29,25,31,34,26,28,22
401468256,2022-10-31,Grizzlies,Away,105,Jazz,Home,121,26,18,30,31,23,38,36,24
401468257,2022-10-31,Rockets,Away,93,Clippers,Home,95,23,29,24,17,30,21,22,22
401468258,2022-11-01,Bulls,Away,108,Nets,Home,99,25,27,25,31,27,31,22,19
401468259,2022-11-01,Warriors,Away,109,Heat,Home,116,24,32,38,15,33,25,28,30
401468260,2022-11-01,Magic,Away,108,Thunder,Home,116,32,34,22,20,33,30,22,31
401468261,2022-11-01,Timberwolves,Away,107,Suns,Home,116,20,27,26,34,24,30,30,32
401468262,2022-11-02,Celtics,Away,113,Cavaliers,Home,114,27,29,20,31,35,15,33,24
401468263,2022-11-02,Wizards,Away,121,76ers,Home,111,31,26,34,30,25,26,39,21
401468264,2022-11-02,Kings,Away,107,Heat,Home,110,32,19,25,31,33,20,24,33
401468265,2022-11-02,Hawks,Away,112,Knicks,Home,99,21,36,32,23,32,33,10,24
401468266,2022-11-02,Hornets,Away,88,Bulls,Home,106,26,26,18,18,27,34,23,22
401468267,2022-11-02,Clippers,Away,109,Rockets,Home,101,34,22,30,23,24,29,26,22
401468268,2022-11-02,Pistons,Away,91,Bucks,Home,116,26,21,21,23,31,25,29,31
401468269,2022-11-02,Raptors,Away,143,Spurs,Home,100,32,32,40,39,31,18,21,30
401468270,2022-11-02,Jazz,Away,100,Mavericks,Home,103,35,15,28,22,23,24,27,29
401468271,2022-11-02,Grizzlies,Away,111,"Trail Blazers",Home,106,30,22,26,33,23,22,27,34
401468272,2022-11-02,Pelicans,Away,117,Lakers,Home,120,27,17,35,32,23,33,26,29
401468273,2022-11-03,Warriors,Away,129,Magic,Home,130,30,35,33,31,30,23,43,34
401468274,2022-11-03,Nuggets,Away,122,Thunder,Home,110,42,29,22,29,29,28,38,15
401468275,2022-11-04,Cavaliers,Away,112,Pistons,Home,88,24,33,33,22,21,18,29,20
401468276,2022-11-04,Heat,Away,99,Pacers,Home,101,29,21,27,22,28,34,18,21
401468277,2022-11-04,Knicks,Away,106,76ers,Home,104,21,37,16,32,22,31,30,21
401468278,2022-11-04,Nets,Away,128,Wizards,Home,86,38,31,27,32,28,29,13,16
401468279,2022-11-04,Bulls,Away,119,Celtics,Home,123,31,26,30,32,26,37,30,30
401468280,2022-11-04,Hornets,Away,99,Grizzlies,Home,130,24,23,22,30,41,30,33,26
401468281,2022-11-04,Clippers,Away,113,Spurs,Home,106,28,26,28,31,18,40,28,20
401468282,2022-11-04,Raptors,Away,110,Mavericks,Home,111,29,28,24,29,31,31,34,15
401468283,2022-11-04,Warriors,Away,105,Pelicans,Home,114,27,27,25,26,26,35,27,26
401468284,2022-11-04,Bucks,Away,115,Timberwolves,Home,102,34,27,34,20,26,28,30,18
401468285,2022-11-04,"Trail Blazers",Away,108,Suns,Home,106,25,34,27,22,28,21,31,26
401468286,2022-11-04,Jazz,Away,130,Lakers,Home,116,40,35,25,30,34,28,33,21
401468287,2022-11-05,Kings,Away,126,Magic,Home,123,25,22,36,23,33,32,12,29
401468288,2022-11-05,Nets,Away,98,Hornets,Home,94,30,22,17,29,21,23,26,24
401468289,2022-11-05,Pelicans,Away,121,Hawks,Home,124,28,24,33,24,29,31,28,21
401468290,2022-11-05,Celtics,Away,133,Knicks,Home,118,32,35,34,32,29,37,30,22
401468291,2022-11-05,Thunder,Away,94,Bucks,Home,108,34,19,25,16,34,33,26,15
401468292,2022-11-05,Rockets,Away,117,Timberwolves,Home,129,34,15,34,34,40,28,35,26
401468293,2022-11-05,Spurs,Away,101,Nuggets,Home,126,27,24,25,25,40,30,29,27
401468294,2022-11-05,"Trail Blazers",Away,82,Suns,Home,102,26,14,21,21,35,26,23,18
401468295,2022-11-06,Cavaliers,Away,114,Lakers,Home,100,30,28,29,27,36,28,16,20
401468296,2022-11-06,Bulls,Away,104,Raptors,Home,113,30,19,33,22,21,34,28,30
401468297,2022-11-06,Wizards,Away,97,Grizzlies,Home,103,25,18,31,23,24,33,24,22
401468298,2022-11-06,Jazz,Away,110,Clippers,Home,102,29,34,21,26,29,27,29,17
401468299,2022-11-07,Wizards,Away,108,Hornets,Home,100,26,20,30,32,18,30,24,28
401468300,2022-11-07,Rockets,Away,134,Magic,Home,127,33,38,29,34,30,35,23,39
401468301,2022-11-07,Thunder,Away,103,Pistons,Home,112,33,30,22,18,28,20,36,28
401468302,2022-11-07,Pelicans,Away,122,Pacers,Home,129,30,25,36,31,32,26,42,29
401468303,2022-11-07,Suns,Away,88,76ers,Home,100,20,27,23,18,33,23,19,25
401468304,2022-11-07,Bucks,Away,98,Hawks,Home,117,36,22,22,18,25,27,37,28
401468305,2022-11-07,"Trail Blazers",Away,110,Heat,Home,107,28,25,20,37,28,32,21,26
401468306,2022-11-07,Raptors,Away,97,Bulls,Home,111,27,26,17,27,30,28,28,25
401468307,2022-11-07,Celtics,Away,109,Grizzlies,Home,106,28,37,19,25,34,20,31,21
401468308,2022-11-07,Knicks,Away,120,Timberwolves,Home,107,38,38,27,17,29,23,28,27
401468309,2022-11-07,Nuggets,Away,115,Spurs,Home,109,28,37,29,21,28,34,27,20
401468310,2022-11-07,Nets,Away,94,Mavericks,Home,96,34,16,23,21,29,24,19,24
401468311,2022-11-07,Kings,Away,113,Warriors,Home,116,31,36,21,25,29,26,24,37
401468312,2022-11-07,Lakers,Away,116,Jazz,Home,139,34,37,27,18,42,34,39,24
401468313,2022-11-07,Cavaliers,Away,117,Clippers,Home,119,37,27,23,30,31,33,24,31
401468314,2022-11-09,"Trail Blazers",Away,105,Hornets,Home,95,25,33,28,19,30,23,26,16
401468315,2022-11-09,Nuggets,Away,122,Pacers,Home,119,35,21,33,33,27,43,25,24
401468316,2022-11-09,Mavericks,Away,87,Magic,Home,94,28,26,20,13,24,26,23,21
401468317,2022-11-09,Jazz,Away,125,Hawks,Home,119,26,37,22,40,22,32,36,29
401468318,2022-11-09,Pistons,Away,112,Celtics,Home,128,21,28,30,33,29,34,32,33
401468319,2022-11-09,Knicks,Away,85,Nets,Home,112,22,22,27,14,38,31,23,20
401468320,2022-11-09,Rockets,Away,109,Raptors,Home,116,37,17,28,27,29,28,29,30
401468321,2022-11-09,Pelicans,Away,115,Bulls,Home,111,22,30,27,36,22,28,32,29
401468322,2022-11-09,Suns,Away,129,Timberwolves,Home,117,39,30,35,25,25,26,31,35
401468323,2022-11-09,Bucks,Away,136,Thunder,Home,132,27,28,29,35,27,28,32,32
401468324,2022-11-09,Grizzlies,Away,124,Spurs,Home,122,38,28,23,23,32,27,35,18
401468325,2022-11-09,Lakers,Away,101,Clippers,Home,114,21,31,23,26,38,16,33,27
401468326,2022-11-09,Cavaliers,Away,120,Kings,Home,127,29,29,35,27,34,35,28,30
401468327,2022-11-10,Mavericks,Away,105,Wizards,Home,113,34,27,22,22,28,30,29,26
401468328,2022-11-10,76ers,Away,95,Hawks,Home,104,20,22,24,29,29,17,34,24
401468329,2022-11-10,Hornets,Away,112,Heat,Home,117,27,23,23,31,32,26,27,19
401468330,2022-11-10,"Trail Blazers",Away,106,Pelicans,Home,95,27,24,27,28,27,30,17,21
401468331,2022-11-11,Nuggets,Away,112,Celtics,Home,131,25,32,34,21,33,33,31,34
401468332,2022-11-11,Suns,Away,97,Magic,Home,114,23,29,22,23,30,28,29,27
401468333,2022-11-11,Pistons,Away,112,Knicks,Home,121,26,32,22,32,30,38,26,27
401468334,2022-11-11,Raptors,Away,113,Thunder,Home,132,24,32,29,28,29,41,36,26
401468335,2022-11-11,Bucks,Away,93,Spurs,Home,111,27,19,30,17,31,23,29,28
401468336,2022-11-11,Timberwolves,Away,103,Grizzlies,Home,114,30,33,21,19,33,39,24,18
401468337,2022-11-11,Cavaliers,Away,101,Warriors,Home,106,25,27,25,24,25,23,26,32
401468338,2022-11-11,Kings,Away,120,Lakers,Home,114,23,33,31,33,23,37,28,26
401468339,2022-11-12,Nets,Away,110,Clippers,Home,95,24,30,21,35,19,31,21,24
401468340,2022-11-12,Jazz,Away,112,Wizards,Home,121,30,25,29,28,28,33,31,29
401468341,2022-11-12,Celtics,Away,117,Pistons,Home,108,30,25,34,28,29,28,24,27
401468342,2022-11-12,Raptors,Away,104,Pacers,Home,118,26,39,25,14,28,24,30,36
401468343,2022-11-12,Hawks,Away,109,76ers,Home,121,24,27,33,25,37,30,32,22
401468344,2022-11-12,Hornets,Away,115,Heat,Home,132,33,26,25,31,34,23,45,30
401468345,2022-11-12,"Trail Blazers",Away,112,Mavericks,Home,117,25,32,31,24,35,24,26,32
401468346,2022-11-12,Rockets,Away,106,Pelicans,Home,119,26,24,37,19,34,29,23,33
401468347,2022-11-13,Thunder,Away,145,Knicks,Home,135,36,43,43,23,48,25,33,29
401468348,2022-11-13,Timberwolves,Away,129,Cavaliers,Home,124,40,27,37,25,20,30,34,40
401468349,2022-11-13,Grizzlies,Away,92,Wizards,Home,102,19,32,23,18,23,32,27,20
401468350,2022-11-13,Jazz,Away,98,76ers,Home,105,30,27,21,20,26,25,27,27
401468351,2022-11-13,Nuggets,Away,126,Bulls,Home,103,32,30,35,29,20,27,29,27
401468352,2022-11-13,Warriors,Away,115,Kings,Home,122,39,23,29,24,26,38,34,24
401468353,2022-11-13,Nets,Away,103,Lakers,Home,116,22,24,31,26,26,29,25,36
401468354,2022-11-14,Raptors,Away,115,Pistons,Home,111,27,31,30,27,23,28,26,34
401468355,2022-11-14,Hornets,Away,112,Magic,Home,105,31,27,26,28,23,22,24,36
401468356,2022-11-14,Thunder,Away,122,Celtics,Home,126,35,34,27,26,32,30,27,37
401468357,2022-11-14,Suns,Away,112,Heat,Home,113,31,26,34,21,35,23,26,29
401468358,2022-11-14,Clippers,Away,122,Rockets,Home,106,31,27,31,33,23,23,32,28
401468359,2022-11-14,Hawks,Away,121,Bucks,Home,106,29,34,31,27,24,26,30,26
401468360,2022-11-14,Spurs,Away,95,Warriors,Home,132,26,19,23,27,33,28,38,33
401468361,2022-11-15,Grizzlies,Away,102,Pelicans,Home,113,35,25,27,15,32,27,30,24
401468362,2022-11-15,Clippers,Away,101,Mavericks,Home,103,15,17,33,36,30,24,15,34
401468363,2022-11-15,Knicks,Away,118,Jazz,Home,111,23,38,22,35,27,31,27,26
401468364,2022-11-15,Spurs,Away,110,"Trail Blazers",Home,117,29,27,33,21,30,32,31,24
401468365,2022-11-15,Nets,Away,121,Kings,Home,153,30,24,28,39,36,37,42,38
401468366,2022-11-16,Pacers,Away,125,Hornets,Home,113,27,33,30,35,27,36,27,23
401468367,2022-11-16,Timberwolves,Away,126,Magic,Home,108,42,32,24,28,24,25,31,28
401468368,2022-11-16,Thunder,Away,121,Wizards,Home,120,29,25,35,32,37,30,20,33
401468369,2022-11-16,Celtics,Away,126,Hawks,Home,101,30,32,35,29,18,35,25,23
401468370,2022-11-16,Heat,Away,104,Raptors,Home,112,31,29,19,25,27,27,30,28
401468371,2022-11-16,Cavaliers,Away,98,Bucks,Home,113,37,23,18,20,34,27,34,18
401468372,2022-11-16,Bulls,Away,110,Pelicans,Home,124,28,25,25,32,32,26,37,29
401468373,2022-11-16,Rockets,Away,101,Mavericks,Home,92,31,26,19,25,28,23,23,18
401468374,2022-11-16,Knicks,Away,106,Nuggets,Home,103,30,25,25,26,27,27,30,19
401468375,2022-11-16,Warriors,Away,119,Suns,Home,130,33,32,24,30,36,36,31,27
401468376,2022-11-17,Nets,Away,109,"Trail Blazers",Home,107,28,29,28,24,28,33,21,25
401468377,2022-11-17,Spurs,Away,112,Kings,Home,130,28,28,26,30,37,26,26,41
401468378,2022-11-17,Pistons,Away,91,Clippers,Home,96,23,27,17,24,15,27,26,28
401468379,2022-11-18,Heat,Away,106,Wizards,Home,107,31,38,19,16,33,24,24,23
401468380,2022-11-18,Hornets,Away,122,Cavaliers,Home,132,14,32,24,35,28,30,24,23
401468381,2022-11-18,Bucks,Away,102,76ers,Home,110,34,28,22,18,24,31,34,21
401468382,2022-11-18,Magic,Away,108,Bulls,Home,107,37,29,21,21,24,28,27,28
401468383,2022-11-18,Pacers,Away,99,Rockets,Home,91,10,35,26,28,25,25,20,21
401468384,2022-11-18,Thunder,Away,110,Grizzlies,Home,121,28,31,24,27,33,30,29,29
401468385,2022-11-18,Nuggets,Away,99,Mavericks,Home,127,27,28,28,16,29,44,32,22
401468386,2022-11-18,Celtics,Away,117,Pelicans,Home,109,40,27,22,28,25,32,21,31
401468387,2022-11-18,Suns,Away,133,Jazz,Home,134,35,31,39,28,42,32,33,27
401468388,2022-11-18,Knicks,Away,101,Warriors,Home,111,19,31,24,27,35,26,26,24
401468389,2022-11-18,Pistons,Away,121,Lakers,Home,128,37,27,31,26,30,38,28,32
401468390,2022-11-19,Raptors,Away,122,Hawks,Home,124,31,31,27,22,29,26,27,29
401468391,2022-11-19,Magic,Away,113,Pacers,Home,114,28,27,29,29,22,29,38,25
401468392,2022-11-19,Timberwolves,Away,112,76ers,Home,109,33,30,34,15,23,28,33,25
401468393,2022-11-19,Jazz,Away,118,"Trail Blazers",Home,113,20,38,29,31,23,28,28,34
401468394,2022-11-19,Spurs,Away,97,Clippers,Home,119,22,26,21,28,40,24,27,28
401468395,2022-11-20,Knicks,Away,95,Suns,Home,116,22,31,22,20,28,27,35,26
401468396,2022-11-20,Hornets,Away,102,Wizards,Home,106,27,28,24,23,35,24,18,29
401468397,2022-11-20,Pistons,Away,129,Kings,Home,137,33,37,32,27,38,30,34,35
401468398,2022-11-20,Grizzlies,Away,115,Nets,Home,127,29,33,31,22,28,29,39,31
401468399,2022-11-20,Heat,Away,87,Cavaliers,Home,113,27,15,22,23,28,31,36,18
401468400,2022-11-20,Warriors,Away,127,Rockets,Home,120,40,21,36,30,28,37,29,26
401468401,2022-11-20,Nuggets,Away,98,Mavericks,Home,97,25,30,24,19,25,31,18,23
401468402,2022-11-20,Spurs,Away,92,Lakers,Home,123,20,28,19,25,34,32,29,28
401468403,2022-11-21,Hawks,Away,102,Cavaliers,Home,114,26,33,23,20,38,26,21,29
401468404,2022-11-21,Magic,Away,102,Pacers,Home,123,28,17,22,35,27,27,32,37
401468405,2022-11-21,Celtics,Away,107,Bulls,Home,121,23,27,29,28,28,35,32,26
401468406,2022-11-21,"Trail Blazers",Away,111,Bucks,Home,119,32,29,18,32,30,33,30,26
401468407,2022-11-21,Heat,Away,101,Timberwolves,Home,105,33,27,19,22,30,17,37,21
401468408,2022-11-21,Warriors,Away,83,Pelicans,Home,128,16,25,24,18,35,30,32,31
401468409,2022-11-21,Knicks,Away,129,Thunder,Home,119,38,31,29,31,34,24,29,32
401468410,2022-11-21,Jazz,Away,114,Clippers,Home,121,24,32,37,21,34,32,22,33
401468411,2022-11-22,Nets,Away,106,76ers,Home,115,26,31,25,24,33,30,22,30
401468412,2022-11-22,Kings,Away,113,Grizzlies,Home,109,28,36,24,25,31,28,17,33
401468413,2022-11-22,Pistons,Away,110,Nuggets,Home,108,28,30,25,27,29,28,24,27
401468414,2022-11-22,Lakers,Away,105,Suns,Home,115,22,33,24,26,26,27,33,29
401468415,2022-11-23,76ers,Away,101,Hornets,Home,107,33,21,21,26,21,32,26,28
401468416,2022-11-23,"Trail Blazers",Away,96,Cavaliers,Home,114,21,27,27,21,28,29,30,27
401468417,2022-11-23,Timberwolves,Away,115,Pacers,Home,101,29,24,34,28,21,27,29,24
401468418,2022-11-23,Kings,Away,106,Hawks,Home,115,26,31,31,18,35,37,25,18
401468419,2022-11-23,Mavericks,Away,112,Celtics,Home,125,23,26,36,27,34,36,31,24
401468420,2022-11-23,Wizards,Away,105,Heat,Home,113,26,17,37,25,28,32,23,30
401468421,2022-11-23,Nets,Away,112,Raptors,Home,98,38,14,39,21,26,25,25,22
401468422,2022-11-23,Bulls,Away,118,Bucks,Home,113,32,29,29,28,33,29,21,30
401468423,2022-11-23,Nuggets,Away,131,Thunder,Home,126,38,31,15,36,21,42,34,23
401468424,2022-11-23,Pelicans,Away,129,Spurs,Home,110,29,37,38,25,19,28,38,25
401468425,2022-11-23,Pistons,Away,125,Jazz,Home,116,30,36,32,27,25,29,36,26
401468426,2022-11-23,Clippers,Away,107,Warriors,Home,124,29,18,35,25,32,34,32,26
401468427,2022-11-25,Timberwolves,Away,108,Hornets,Home,110,34,28,21,25,29,23,39,19
401468428,2022-11-25,76ers,Away,107,Magic,Home,99,24,28,30,25,29,27,20,23
401468429,2022-11-25,"Trail Blazers",Away,132,Knicks,Home,129,25,37,30,24,31,30,25,30
401468430,2022-11-25,Kings,Away,104,Celtics,Home,122,22,40,22,20,36,28,30,28
401468431,2022-11-25,Nets,Away,117,Pacers,Home,128,35,30,29,23,23,34,31,40
401468432,2022-11-25,Wizards,Away,107,Heat,Home,110,38,21,26,22,28,28,29,25
401468433,2022-11-25,Hawks,Away,122,Rockets,Home,128,33,39,32,18,38,31,25,34
401468434,2022-11-25,Pelicans,Away,111,Grizzlies,Home,132,25,23,29,34,44,24,38,26
401468435,2022-11-25,Cavaliers,Away,102,Bucks,Home,117,30,33,10,29,25,27,35,30
401468436,2022-11-25,Bulls,Away,119,Thunder,Home,123,30,29,21,30,32,27,28,23
401468437,2022-11-25,Lakers,Away,105,Spurs,Home,94,33,26,20,26,21,20,34,19
401468438,2022-11-25,Pistons,Away,102,Suns,Home,108,22,32,25,23,23,30,31,24
401468439,2022-11-25,Jazz,Away,118,Warriors,Home,129,23,28,35,32,37,22,38,32
401468440,2022-11-25,Nuggets,Away,114,Clippers,Home,104,31,33,23,27,26,26,25,27
401468441,2022-11-26,Mavericks,Away,100,Raptors,Home,105,29,23,21,27,24,30,27,24
401468442,2022-11-26,Thunder,Away,105,Rockets,Home,118,22,22,29,32,23,42,30,23
401468443,2022-11-26,Lakers,Away,143,Spurs,Home,138,33,37,36,37,34,34,29,41
401468444,2022-11-26,Jazz,Away,112,Suns,Home,113,32,22,27,31,22,29,27,35
401468445,2022-11-27,"Trail Blazers",Away,97,Nets,Home,111,24,33,23,17,31,27,26,27
401468446,2022-11-27,Warriors,Away,137,Timberwolves,Home,114,47,29,33,28,27,29,33,25
401468447,2022-11-27,Pacers,Away,100,Clippers,Home,114,29,28,12,31,35,24,23,32
401468448,2022-11-27,Heat,Away,106,Hawks,Home,98,23,28,34,21,31,29,21,17
401468449,2022-11-27,Wizards,Away,121,Celtics,Home,130,26,29,33,33,35,37,41,17
401468450,2022-11-27,Cavaliers,Away,102,Pistons,Home,94,20,31,22,29,26,30,22,16
401468451,2022-11-27,Grizzlies,Away,127,Knicks,Home,123,25,29,39,34,26,26,31,40
401468452,2022-11-27,76ers,Away,133,Magic,Home,103,36,31,32,34,32,13,26,32
401468453,2022-11-27,Mavericks,Away,115,Bucks,Home,124,33,29,34,19,41,32,31,20
401468454,2022-11-28,Hawks,Away,101,76ers,Home,104,34,21,26,20,23,28,30,23
401468455,2022-11-28,Timberwolves,Away,127,Wizards,Home,142,33,25,39,30,38,39,32,33
401468456,2022-11-28,Hornets,Away,105,Celtics,Home,140,19,36,27,23,45,33,43,19
401468457,2022-11-28,Magic,Away,102,Nets,Home,109,28,23,25,26,23,29,35,22
401468458,2022-11-28,Cavaliers,Away,88,Raptors,Home,100,24,19,24,21,26,26,28,20
401468459,2022-11-28,Thunder,Away,101,Pelicans,Home,105,26,24,24,27,34,22,25,24
401468460,2022-11-28,Rockets,Away,113,Nuggets,Home,129,39,29,23,22,42,28,36,23
401468461,2022-11-28,Bulls,Away,114,Jazz,Home,107,27,26,33,28,27,33,20,27
401468462,2022-11-28,Suns,Away,122,Kings,Home,117,31,32,28,31,26,38,20,33
401468463,2022-11-28,Pacers,Away,116,Lakers,Home,115,29,27,28,32,32,30,31,22
401468464,2022-11-29,Knicks,Away,140,Pistons,Home,110,40,30,38,32,32,24,21,33
401468465,2022-11-29,Warriors,Away,113,Mavericks,Home,116,24,30,33,26,36,19,37,24
401468466,2022-11-29,Clippers,Away,118,"Trail Blazers",Home,112,25,28,29,36,30,31,34,17
401468467,2022-11-30,76ers,Away,85,Cavaliers,Home,113,21,27,18,19,25,44,21,23
401468468,2022-11-30,Hawks,Away,125,Magic,Home,108,38,32,30,25,27,23,26,32
401468469,2022-11-30,Heat,Away,121,Celtics,Home,134,35,25,36,25,38,30,34,32
401468470,2022-11-30,Wizards,Away,107,Nets,Home,113,28,25,24,30,29,28,23,33
401468471,2022-11-30,Bucks,Away,109,Knicks,Home,103,22,25,27,35,20,25,26,32
401468472,2022-11-30,Grizzlies,Away,101,Timberwolves,Home,109,26,22,24,29,27,17,31,34
401468473,2022-11-30,Raptors,Away,108,Pelicans,Home,126,29,18,31,30,40,34,28,24
401468474,2022-11-30,Spurs,Away,111,Thunder,Home,119,35,42,19,15,32,28,28,31
401468475,2022-11-30,Rockets,Away,100,Nuggets,Home,120,24,23,25,28,44,30,22,24
401468476,2022-11-30,Bulls,Away,113,Suns,Home,132,25,18,38,32,32,32,42,26
401468477,2022-11-30,Clippers,Away,112,Jazz,Home,125,26,34,25,27,35,23,36,31
401468478,2022-11-30,Pacers,Away,114,Kings,Home,137,20,28,35,31,33,29,44,31
401468479,2022-11-30,"Trail Blazers",Away,109,Lakers,Home,128,22,40,20,27,24,42,31,31
401468480,2022-12-01,Mavericks,Away,125,Pistons,Home,131,36,24,29,28,36,25,38,18
401468481,2022-12-02,Wizards,Away,116,Hornets,Home,117,31,28,29,28,36,38,33,10
401468482,2022-12-02,Nuggets,Away,109,Hawks,Home,117,25,21,35,28,28,32,30,27
401468483,2022-12-02,Heat,Away,120,Celtics,Home,116,27,32,22,29,27,35,25,23
401468484,2022-12-02,Raptors,Away,105,Nets,Home,114,17,32,23,33,41,31,21,21
401468485,2022-12-02,Magic,Away,96,Cavaliers,Home,107,25,22,17,32,27,27,28,25
401468486,2022-12-02,Lakers,Away,133,Bucks,Home,129,33,33,35,32,31,27,39,32
401468487,2022-12-02,76ers,Away,109,Grizzlies,Home,117,30,24,22,33,29,35,28,25
401468488,2022-12-02,Pelicans,Away,117,Spurs,Home,99,26,23,32,36,24,28,19,28
401468489,2022-12-02,Rockets,Away,122,Suns,Home,121,27,30,29,36,36,28,32,25
401468490,2022-12-02,Pacers,Away,119,Jazz,Home,139,24,35,22,38,35,40,26,38
401468491,2022-12-02,Bulls,Away,111,Warriors,Home,119,33,19,30,29,35,28,33,23
401468492,2022-12-03,Mavericks,Away,121,Knicks,Home,100,20,32,41,28,32,27,15,26
401468493,2022-12-03,Kings,Away,123,Clippers,Home,96,38,22,30,33,24,14,31,27
401468494,2022-12-03,Bucks,Away,105,Hornets,Home,96,30,26,28,21,24,21,28,23
401468495,2022-12-03,Magic,Away,108,Raptors,Home,121,22,26,25,35,36,28,30,27
401468496,2022-12-03,Thunder,Away,135,Timberwolves,Home,128,32,31,34,38,29,28,44,27
401468497,2022-12-03,Rockets,Away,101,Warriors,Home,120,23,29,28,21,39,29,26,26
401468498,2022-12-03,"Trail Blazers",Away,116,Jazz,Home,111,40,29,23,24,31,29,30,21
401468499,2022-12-04,Nuggets,Away,106,Pelicans,Home,121,31,29,21,25,27,32,28,34
401468500,2022-12-04,Suns,Away,133,Spurs,Home,95,35,36,35,27,30,11,30,24
401468501,2022-12-04,Celtics,Away,103,Nets,Home,92,35,27,13,28,27,23,19,23
401468502,2022-12-04,Grizzlies,Away,122,Pistons,Home,112,40,29,32,21,26,31,26,29
401468503,2022-12-04,Cavaliers,Away,81,Knicks,Home,92,16,27,20,18,23,23,25,21
401468504,2022-12-04,Lakers,Away,130,Wizards,Home,119,33,35,37,25,27,23,31,38
401468505,2022-12-04,Bulls,Away,101,Kings,Home,110,27,20,31,23,29,33,20,28
401468506,2022-12-04,Pacers,Away,100,"Trail Blazers",Home,116,24,25,25,26,28,26,39,23
401468507,2022-12-05,Clippers,Away,119,Hornets,Home,117,28,35,21,35,26,28,36,27
401468508,2022-12-05,Bucks,Away,109,Magic,Home,102,30,26,32,21,21,24,27,30
401468509,2022-12-05,Thunder,Away,121,Hawks,Home,114,27,27,30,37,29,30,29,26
401468510,2022-12-05,Celtics,Away,116,Raptors,Home,110,27,29,35,25,25,37,18,30
401468511,2022-12-05,76ers,Away,123,Rockets,Home,132,30,25,29,24,27,29,34,18
401468512,2022-12-05,Heat,Away,93,Grizzlies,Home,101,32,19,26,16,27,31,24,19
401468513,2022-12-05,Suns,Away,111,Mavericks,Home,130,15,26,34,36,33,34,29,34
401468514,2022-12-05,Pacers,Away,112,Warriors,Home,104,34,25,30,23,21,29,31,23
401468515,2022-12-06,Lakers,Away,102,Cavaliers,Home,116,26,23,34,19,27,30,28,31
401468516,2022-12-06,Pistons,Away,116,Heat,Home,96,20,27,31,38,25,25,23,23
401468517,2022-12-06,Mavericks,Away,116,Nuggets,Home,115,36,28,27,25,29,29,28,29
401468518,2022-12-07,Clippers,Away,111,Magic,Home,116,32,17,29,21,14,26,31,28
401468519,2022-12-07,Hornets,Away,116,Nets,Home,122,28,27,32,29,38,35,23,26
401468520,2022-12-07,Hawks,Away,89,Knicks,Home,113,20,21,26,22,31,22,36,24
401468521,2022-12-07,Lakers,Away,113,Raptors,Home,126,31,16,28,38,39,31,27,29
401468522,2022-12-07,Wizards,Away,111,Bulls,Home,115,22,27,32,30,29,23,28,35
401468523,2022-12-07,Thunder,Away,102,Grizzlies,Home,123,25,27,35,15,27,30,37,29
401468524,2022-12-07,Kings,Away,113,Bucks,Home,126,29,32,33,19,34,34,29,29
401468525,2022-12-07,Pacers,Away,115,Timberwolves,Home,121,17,44,29,25,35,28,27,31
401468526,2022-12-07,Pistons,Away,98,Pelicans,Home,104,28,15,30,25,27,29,23,25
401468527,2022-12-07,Warriors,Away,123,Jazz,Home,124,35,34,22,32,30,36,34,24
401468528,2022-12-07,Celtics,Away,125,Suns,Home,98,31,38,35,21,21,21,23,33
401468529,2022-12-08,Clippers,Away,110,Heat,Home,115,28,26,33,23,20,36,28,31
401468530,2022-12-08,Rockets,Away,109,Spurs,Home,118,29,25,23,32,24,27,39,28
401468531,2022-12-08,Nuggets,Away,121,"Trail Blazers",Home,120,30,33,26,32,36,28,35,21
401468532,2022-12-09,Knicks,Away,121,Hornets,Home,102,22,33,34,32,20,29,22,31
401468533,2022-12-09,Wizards,Away,111,Pacers,Home,121,33,32,24,22,31,38,26,26
401468534,2022-12-09,Raptors,Away,109,Magic,Home,113,25,38,24,22,37,30,27,19
401468535,2022-12-09,Hawks,Away,116,Nets,Home,120,30,34,26,26,36,32,28,24
401468536,2022-12-09,Kings,Away,106,Cavaliers,Home,95,31,18,30,27,20,29,31,15
401468537,2022-12-09,Lakers,Away,122,76ers,Home,133,20,39,24,37,31,30,32,27
401468538,2022-12-09,Pistons,Away,103,Grizzlies,Home,114,27,26,25,25,34,27,37,16
401468539,2022-12-09,Suns,Away,117,Pelicans,Home,128,27,25,30,35,26,29,40,33
401468540,2022-12-09,Timberwolves,Away,118,Jazz,Home,108,28,33,21,36,24,22,33,29
401468541,2022-12-09,Bucks,Away,106,Mavericks,Home,105,32,20,21,33,33,15,36,21
401468542,2022-12-10,Spurs,Away,115,Heat,Home,111,25,34,27,29,29,28,27,27
401468543,2022-12-10,Nets,Away,136,Pacers,Home,133,40,29,26,41,38,38,24,33
401468544,2022-12-10,Clippers,Away,114,Wizards,Home,107,28,32,26,28,29,34,21,23
401468545,2022-12-10,Thunder,Away,102,Cavaliers,Home,110,22,24,26,30,28,31,23,28
401468546,2022-12-10,Mavericks,Away,115,Bulls,Home,144,30,23,32,30,40,42,31,31
401468547,2022-12-10,Celtics,Away,107,Warriors,Home,123,25,38,20,24,33,35,27,28
401468548,2022-12-10,Jazz,Away,110,Nuggets,Home,115,26,26,38,20,28,33,31,23
401468549,2022-12-10,Timberwolves,Away,118,"Trail Blazers",Home,124,27,39,26,26,32,33,29,30
401468550,2022-12-11,Suns,Away,124,Pelicans,Home,129,36,22,35,24,29,28,41,19
401468551,2022-12-11,Lakers,Away,124,Pistons,Home,117,32,29,30,33,26,23,41,27
401468552,2022-12-11,Kings,Away,99,Knicks,Home,112,22,28,30,19,36,30,29,17
401468553,2022-12-11,Raptors,Away,99,Magic,Home,111,19,20,36,24,18,29,35,29
401468554,2022-12-11,Hornets,Away,113,76ers,Home,131,21,33,33,26,20,41,35,35
401468555,2022-12-11,Bulls,Away,122,Hawks,Home,123,27,23,28,32,22,36,27,25
401468556,2022-12-11,Bucks,Away,92,Rockets,Home,97,25,23,31,13,19,31,24,23
401468557,2022-12-12,Heat,Away,87,Pacers,Home,82,26,21,20,20,19,23,22,18
401468558,2022-12-12,Nets,Away,112,Wizards,Home,100,29,33,32,18,25,30,28,17
401468559,2022-12-12,Hawks,Away,103,Grizzlies,Home,128,29,22,25,27,35,27,40,26
401468560,2022-12-12,Thunder,Away,114,Mavericks,Home,121,28,24,38,24,23,43,31,24
401468561,2022-12-12,Cavaliers,Away,111,Spurs,Home,112,27,22,29,33,29,36,27,20
401468562,2022-12-12,Timberwolves,Away,112,"Trail Blazers",Home,133,27,32,25,28,33,37,36,27
401468563,2022-12-12,Celtics,Away,93,Clippers,Home,113,25,22,25,21,29,27,32,25
401468564,2022-12-13,Kings,Away,103,76ers,Home,123,32,23,28,20,39,41,21,22
401468565,2022-12-13,Warriors,Away,111,Bucks,Home,128,27,25,25,34,38,26,31,33
401468566,2022-12-13,Suns,Away,97,Rockets,Home,111,20,15,32,30,27,27,30,27
401468567,2022-12-13,Pelicans,Away,100,Jazz,Home,121,30,15,26,29,29,23,39,30
401468568,2022-12-13,Celtics,Away,122,Lakers,Home,118,37,28,23,22,24,26,32,28
401468569,2022-12-14,Pistons,Away,141,Hornets,Home,134,35,38,34,20,33,36,28,30
401468570,2022-12-14,Warriors,Away,119,Pacers,Home,125,26,28,33,32,27,47,19,32
401468571,2022-12-14,Hawks,Away,124,Magic,Home,135,22,40,32,30,50,26,29,30
401468572,2022-12-14,Kings,Away,124,Raptors,Home,123,23,36,29,36,31,31,32,29
401468573,2022-12-14,Knicks,Away,128,Bulls,Home,120,29,35,28,25,28,27,33,29
401468574,2022-12-14,Heat,Away,110,Thunder,Home,108,31,33,22,24,31,21,32,24
401468575,2022-12-14,"Trail Blazers",Away,128,Spurs,Home,112,39,34,24,31,28,29,32,23
401468576,2022-12-14,Cavaliers,Away,105,Mavericks,Home,90,26,34,23,22,19,22,27,22
401468577,2022-12-14,Wizards,Away,128,Nuggets,Home,141,31,36,28,33,38,34,30,39
401468578,2022-12-14,Timberwolves,Away,88,Clippers,Home,99,21,22,22,23,19,19,29,32
401468579,2022-12-15,Heat,Away,111,Rockets,Home,108,29,37,20,25,29,23,33,23
401468580,2022-12-15,Bucks,Away,101,Grizzlies,Home,142,18,23,30,30,33,37,47,25
401468581,2022-12-15,Pelicans,Away,129,Jazz,Home,132,25,37,33,28,27,31,33,32
401468582,2022-12-15,Suns,Away,111,Clippers,Home,95,29,35,25,22,18,19,33,25
401468583,2022-12-16,Hawks,Away,125,Hornets,Home,106,38,37,23,27,24,35,33,14
401468584,2022-12-16,Kings,Away,122,Pistons,Home,113,28,27,38,29,29,34,23,27
401468585,2022-12-16,Magic,Away,117,Celtics,Home,109,32,30,26,29,28,26,27,28
401468586,2022-12-16,Pacers,Away,112,Cavaliers,Home,118,31,30,33,18,29,25,29,35
401468587,2022-12-16,Warriors,Away,106,76ers,Home,118,38,19,24,25,33,22,33,30
401468588,2022-12-16,Nets,Away,119,Raptors,Home,116,19,33,36,31,29,33,22,32
401468589,2022-12-16,Knicks,Away,114,Bulls,Home,91,29,29,29,27,32,21,22,16
401468590,2022-12-16,Timberwolves,Away,112,Thunder,Home,110,30,33,25,24,28,22,41,19
401468591,2022-12-16,"Trail Blazers",Away,110,Mavericks,Home,130,32,31,22,25,31,41,38,20
401468592,2022-12-16,Nuggets,Away,108,Lakers,Home,126,32,33,23,20,33,31,29,33
401468593,2022-12-17,Wizards,Away,93,Clippers,Home,102,28,29,18,18,20,30,22,30
401468594,2022-12-17,Heat,Away,111,Spurs,Home,101,25,27,28,31,28,27,29,17
401468595,2022-12-17,Mavericks,Away,99,Cavaliers,Home,100,29,20,26,21,27,20,20,29
401468596,2022-12-17,"Trail Blazers",Away,107,Rockets,Home,95,33,24,28,22,27,24,14,30
401468597,2022-12-17,Jazz,Away,97,Bucks,Home,123,22,25,36,14,27,29,36,31
401468598,2022-12-17,Grizzlies,Away,109,Thunder,Home,115,21,22,33,33,25,39,27,24
401468599,2022-12-17,Pelicans,Away,114,Suns,Home,118,34,29,26,25,27,19,38,34
401468600,2022-12-18,Magic,Away,95,Celtics,Home,92,26,24,18,27,23,18,30,21
401468601,2022-12-18,Knicks,Away,109,Pacers,Home,106,29,25,30,25,28,25,32,21
401468602,2022-12-18,Nets,Away,124,Pistons,Home,121,21,33,44,26,35,36,25,25
401468603,2022-12-18,Warriors,Away,126,Raptors,Home,110,36,32,34,24,26,28,26,30
401468604,2022-12-18,Bulls,Away,126,Timberwolves,Home,150,34,31,32,29,32,39,42,37
401468605,2022-12-18,Hornets,Away,115,Nuggets,Home,119,25,27,28,35,20,35,39,25
401468606,2022-12-18,Wizards,Away,117,Lakers,Home,119,29,23,36,29,30,36,21,32
401468607,2022-12-19,Jazz,Away,99,Cavaliers,Home,122,21,23,27,28,29,33,28,32
401468608,2022-12-19,Raptors,Away,101,76ers,Home,104,23,23,32,21,22,35,21,21
401468609,2022-12-19,Magic,Away,125,Hawks,Home,126,27,38,29,31,34,34,36,22
401468610,2022-12-19,Spurs,Away,124,Rockets,Home,105,35,25,32,32,28,34,14,29
401468611,2022-12-19,Mavericks,Away,106,Timberwolves,Home,116,30,14,30,32,21,36,37,22
401468612,2022-12-19,Bucks,Away,128,Pelicans,Home,119,30,36,34,28,27,34,29,29
401468613,2022-12-19,"Trail Blazers",Away,121,Thunder,Home,123,28,30,36,27,28,33,33,29
401468614,2022-12-19,Lakers,Away,104,Suns,Home,130,24,20,33,27,38,30,31,31
401468615,2022-12-19,Hornets,Away,125,Kings,Home,119,39,27,25,34,30,33,29,27
401468616,2022-12-20,Jazz,Away,126,Pistons,Home,111,31,30,34,31,24,36,25,26
401468617,2022-12-20,Bulls,Away,113,Heat,Home,103,31,21,36,25,21,36,20,26
401468618,2022-12-20,Warriors,Away,94,Knicks,Home,132,25,31,25,13,33,36,31,32
401468619,2022-12-20,Wizards,Away,113,Suns,Home,110,27,26,27,33,30,18,30,32
401468620,2022-12-20,Grizzlies,Away,91,Nuggets,Home,105,14,26,31,20,35,20,29,21
401468621,2022-12-21,Bucks,Away,106,Cavaliers,Home,114,20,22,35,29,35,25,33,21
401468622,2022-12-21,Pistons,Away,93,76ers,Home,113,29,22,27,15,37,26,29,21
401468623,2022-12-21,Bulls,Away,110,Hawks,Home,108,30,31,20,29,25,26,26,31
401468624,2022-12-21,Pacers,Away,117,Celtics,Home,112,42,29,29,17,22,21,42,27
401468625,2022-12-21,Warriors,Away,113,Nets,Home,143,17,34,28,34,46,45,18,34
401468626,2022-12-21,Raptors,Away,113,Knicks,Home,106,28,35,24,26,27,26,27,26
401468627,2022-12-21,Magic,Away,116,Rockets,Home,110,25,29,31,31,31,33,23,23
401468628,2022-12-21,Mavericks,Away,104,Timberwolves,Home,99,29,22,24,29,31,21,22,25
401468629,2022-12-21,"Trail Blazers",Away,98,Thunder,Home,101,32,22,24,20,22,27,29,23
401468630,2022-12-21,Lakers,Away,120,Kings,Home,134,26,32,28,34,25,41,40,28
401468631,2022-12-21,Hornets,Away,105,Clippers,Home,126,19,21,34,31,37,34,26,29
401468632,2022-12-22,Spurs,Away,117,Pelicans,Home,126,17,29,29,42,37,28,29,32
401468633,2022-12-22,Wizards,Away,112,Jazz,Home,120,27,39,24,22,30,30,33,27
401468634,2022-12-23,Spurs,Away,113,Magic,Home,133,28,33,28,24,34,27,33,39
401468635,2022-12-23,Clippers,Away,114,76ers,Home,119,33,30,22,29,24,27,34,34
401468636,2022-12-23,Pistons,Away,105,Hawks,Home,130,34,29,18,24,32,28,35,35
401468637,2022-12-23,Timberwolves,Away,109,Celtics,Home,121,29,27,30,23,22,32,34,33
401468638,2022-12-23,Bucks,Away,100,Nets,Home,118,29,18,28,25,36,24,25,33
401468639,2022-12-23,Raptors,Away,118,Cavaliers,Home,107,39,30,29,20,31,22,25,29
401468640,2022-12-23,Bulls,Away,118,Knicks,Home,117,29,29,31,29,22,38,32,25
401468641,2022-12-23,Pacers,Away,111,Heat,Home,108,31,25,28,27,28,30,24,26
401468642,2022-12-23,Mavericks,Away,112,Rockets,Home,106,30,31,20,31,24,26,34,22
401468643,2022-12-23,Pelicans,Away,128,Thunder,Home,125,33,31,16,32,23,23,31,35
401468644,2022-12-23,"Trail Blazers",Away,107,Nuggets,Home,120,27,37,16,27,32,26,35,27
401468645,2022-12-23,Grizzlies,Away,125,Suns,Home,100,39,20,38,28,20,18,31,31
401468646,2022-12-23,Wizards,Away,125,Kings,Home,111,28,40,34,23,27,23,33,28
401468647,2022-12-23,Hornets,Away,134,Lakers,Home,130,27,40,30,37,31,36,20,43
401468648,2022-12-25,76ers,Away,119,Knicks,Home,112,25,35,35,24,37,26,33,16
401468649,2022-12-25,Lakers,Away,115,Mavericks,Home,124,28,26,21,40,21,22,51,30
401468650,2022-12-25,Bucks,Away,118,Celtics,Home,139,28,33,25,32,36,26,38,39
401468651,2022-12-25,Grizzlies,Away,109,Warriors,Home,123,29,25,30,25,33,26,40,24
401468652,2022-12-25,Suns,Away,125,Nuggets,Home,128,24,33,27,29,28,23,30,32
401468653,2022-12-26,Nets,Away,125,Cavaliers,Home,117,34,31,26,34,22,27,30,38
401468654,2022-12-26,Clippers,Away,142,Pistons,Home,131,31,35,30,32,36,25,39,28
401468655,2022-12-26,Timberwolves,Away,110,Heat,Home,113,31,25,30,24,33,26,34,20
401468656,2022-12-26,Rockets,Away,133,Bulls,Home,118,36,28,35,34,26,39,24,29
401468657,2022-12-26,Pacers,Away,93,Pelicans,Home,113,18,20,24,31,24,33,33,23
401468658,2022-12-26,Jazz,Away,122,Spurs,Home,126,26,30,26,40,31,32,33,30
401468659,2022-12-26,Hornets,Away,113,"Trail Blazers",Home,124,34,33,28,18,30,31,40,23
401468660,2022-12-27,Lakers,Away,129,Magic,Home,110,33,32,27,37,27,28,28,27
401468661,2022-12-27,76ers,Away,111,Wizards,Home,116,30,26,29,26,32,35,27,22
401468662,2022-12-27,Rockets,Away,102,Celtics,Home,126,21,28,32,21,22,34,36,34
401468663,2022-12-27,Hawks,Away,114,Pacers,Home,129,27,27,32,28,30,34,32,33
401468664,2022-12-27,Clippers,Away,124,Raptors,Home,113,27,33,37,27,29,27,26,31
401468665,2022-12-27,Suns,Away,125,Grizzlies,Home,108,23,42,32,28,22,27,31,28
401468666,2022-12-27,Spurs,Away,114,Thunder,Home,130,33,27,33,21,38,32,25,35
401468667,2022-12-27,Knicks,Away,121,Mavericks,Home,126,30,33,29,23,28,27,27,33
401468668,2022-12-27,Hornets,Away,105,Warriors,Home,110,26,26,26,27,37,28,24,21
401468669,2022-12-27,Nuggets,Away,113,Kings,Home,106,20,27,32,34,32,24,27,23
401468670,2022-12-28,Magic,Away,101,Pistons,Home,121,23,24,30,24,27,39,26,29
401468671,2022-12-28,Suns,Away,102,Wizards,Home,127,21,34,29,18,36,28,29,34
401468672,2022-12-28,Nets,Away,108,Hawks,Home,107,31,25,27,25,30,33,17,27
401468673,2022-12-28,Lakers,Away,98,Heat,Home,112,25,27,26,20,33,28,34,17
401468674,2022-12-28,Bucks,Away,113,Bulls,Home,119,32,23,27,24,28,29,22,27
401468675,2022-12-28,Timberwolves,Away,118,Pelicans,Home,119,28,27,33,30,24,25,37,33
401468676,2022-12-28,Jazz,Away,107,Warriors,Home,112,37,22,35,13,27,27,34,24
401468677,2022-12-28,Nuggets,Away,126,Kings,Home,127,40,35,30,21,24,38,32,33
401468678,2022-12-29,Thunder,Away,113,Hornets,Home,121,30,30,24,29,36,21,28,36
401468679,2022-12-29,Cavaliers,Away,126,Pacers,Home,135,34,34,28,30,29,35,35,36
401468680,2022-12-29,Clippers,Away,110,Celtics,Home,116,26,23,36,25,27,33,24,32
401468681,2022-12-29,Grizzlies,Away,119,Raptors,Home,106,30,27,36,26,20,23,32,31
401468682,2022-12-29,Knicks,Away,115,Spurs,Home,122,29,24,26,36,38,26,28,30
401468683,2022-12-29,Rockets,Away,114,Mavericks,Home,129,30,21,28,35,36,29,34,30
401468684,2022-12-30,Wizards,Away,119,Magic,Home,100,27,29,42,21,20,27,26,27
401468685,2022-12-30,Lakers,Away,130,Hawks,Home,121,23,39,36,32,33,34,28,26
401468686,2022-12-30,Suns,Away,104,Raptors,Home,113,24,27,28,25,33,20,33,27
401468687,2022-12-30,Pistons,Away,118,Bulls,Home,132,25,33,34,26,33,27,35,37
401468688,2022-12-30,Timberwolves,Away,114,Bucks,Home,123,34,27,22,31,33,17,39,34
401468689,2022-12-30,76ers,Away,116,Pelicans,Home,127,27,33,31,25,31,36,32,28
401468690,2022-12-30,Heat,Away,119,Nuggets,Home,124,19,38,33,29,23,37,25,39
401468691,2022-12-30,"Trail Blazers",Away,112,Warriors,Home,118,25,31,40,16,41,19,28,30
401468692,2022-12-30,Jazz,Away,125,Kings,Home,126,27,30,30,38,30,30,31,35
401468693,2022-12-31,Clippers,Away,130,Pacers,Home,131,22,33,38,37,32,30,31,38
401468694,2022-12-31,Nets,Away,123,Hornets,Home,106,32,29,36,26,22,27,30,27
401468695,2022-12-31,Cavaliers,Away,103,Bulls,Home,102,28,32,24,19,30,25,22,25
401468696,2022-12-31,Knicks,Away,108,Rockets,Home,88,27,26,29,26,35,14,21,18
401468697,2022-12-31,Mavericks,Away,126,Spurs,Home,125,32,36,35,23,30,34,29,32
401468698,2022-12-31,Pelicans,Away,101,Grizzlies,Home,116,25,25,29,22,31,22,30,33
401468699,2022-12-31,Pistons,Away,116,Timberwolves,Home,104,28,22,38,28,39,25,24,16
401468700,2022-12-31,76ers,Away,115,Thunder,Home,96,38,31,20,26,20,23,29,24
401468701,2022-12-31,Heat,Away,126,Jazz,Home,123,31,38,27,30,30,33,35,25
401468702,2023-01-01,Kings,Away,108,Grizzlies,Home,118,26,32,29,21,27,32,32,27
401468703,2023-01-01,Wizards,Away,118,Bucks,Home,95,34,34,20,30,17,33,20,25
401468704,2023-01-01,Celtics,Away,111,Nuggets,Home,123,28,26,31,26,37,25,36,25
401468705,2023-01-02,Suns,Away,83,Knicks,Home,102,11,20,27,25,23,31,25,23
401468706,2023-01-02,Lakers,Away,121,Hornets,Home,115,22,38,34,27,21,24,31,39
401468707,2023-01-02,Bulls,Away,134,Cavaliers,Home,145,34,31,31,34,27,20,44,39
401468708,2023-01-02,Raptors,Away,114,Pacers,Home,122,33,24,33,24,29,37,25,31
401468709,2023-01-02,Pelicans,Away,111,76ers,Home,120,25,27,29,30,33,24,27,36
401468710,2023-01-02,Spurs,Away,103,Nets,Home,139,25,22,32,24,37,37,34,31
401468711,2023-01-02,Mavericks,Away,111,Rockets,Home,106,18,26,39,28,26,29,32,19
401468712,2023-01-02,Nuggets,Away,111,Timberwolves,Home,124,23,30,32,26,23,36,31,34
401468713,2023-01-02,Hawks,Away,141,Warriors,Home,143,26,27,42,26,38,32,25,26
401468714,2023-01-02,Pistons,Away,106,"Trail Blazers",Home,135,27,25,30,24,22,39,41,33
401468715,2023-01-02,Heat,Away,110,Clippers,Home,100,34,33,14,29,28,21,34,17
401468716,2023-01-03,Wizards,Away,113,Bucks,Home,123,28,21,36,28,32,29,29,33
401468717,2023-01-03,Celtics,Away,117,Thunder,Home,150,33,21,37,26,34,40,48,28
401468718,2023-01-03,Kings,Away,117,Jazz,Home,115,35,25,28,29,23,28,38,26
401468719,2023-01-04,Grizzlies,Away,131,Hornets,Home,107,40,36,26,29,26,21,26,34
401468720,2023-01-04,Suns,Away,88,Cavaliers,Home,90,14,29,21,24,15,18,26,31
401468721,2023-01-04,Thunder,Away,115,Magic,Home,126,28,25,35,27,31,39,25,31
401468722,2023-01-04,Pacers,Away,126,76ers,Home,129,28,33,23,36,27,39,31,23
401468723,2023-01-04,Spurs,Away,114,Knicks,Home,117,29,26,34,25,39,23,32,23
401468724,2023-01-04,Bucks,Away,104,Raptors,Home,101,13,26,24,34,12,26,21,38
401468725,2023-01-04,Nets,Away,112,Bulls,Home,121,33,26,26,27,40,29,19,33
401468726,2023-01-04,"Trail Blazers",Away,106,Timberwolves,Home,113,24,29,32,21,29,31,29,24
401468727,2023-01-04,Rockets,Away,108,Pelicans,Home,119,22,30,21,35,45,30,23,21
401468728,2023-01-04,Pistons,Away,122,Warriors,Home,119,34,26,31,31,26,30,32,31
401468729,2023-01-04,Heat,Away,109,Lakers,Home,112,23,25,30,31,32,20,27,33
401468730,2023-01-04,Hawks,Away,120,Kings,Home,117,30,31,30,29,30,28,30,29
401468731,2023-01-05,Grizzlies,Away,123,Magic,Home,115,22,43,27,31,20,23,35,37
401468732,2023-01-05,Celtics,Away,124,Mavericks,Home,95,29,35,25,35,20,26,19,30
401468733,2023-01-05,Jazz,Away,131,Rockets,Home,114,31,33,31,36,23,33,30,28
401468734,2023-01-05,Clippers,Away,91,Nuggets,Home,122,15,17,27,32,32,34,36,20
401468735,2023-01-06,"Trail Blazers",Away,99,Pacers,Home,108,29,26,27,17,26,28,27,27
401468736,2023-01-06,Bulls,Away,126,76ers,Home,112,25,34,40,27,30,25,29,28
401468737,2023-01-06,Knicks,Away,112,Raptors,Home,108,30,27,24,31,26,21,31,30
401468738,2023-01-06,Hornets,Away,138,Bucks,Home,109,51,33,28,26,28,32,27,22
401468739,2023-01-06,Wizards,Away,110,Thunder,Home,127,17,25,38,30,35,33,35,24
401468740,2023-01-06,Pistons,Away,109,Spurs,Home,121,28,20,28,33,31,20,35,35
401468741,2023-01-06,Nets,Away,108,Pelicans,Home,102,27,26,35,20,28,36,21,17
401468742,2023-01-06,Clippers,Away,115,Timberwolves,Home,128,33,21,25,36,37,31,32,28
401468743,2023-01-06,Cavaliers,Away,108,Nuggets,Home,121,28,30,24,26,26,36,32,27
401468744,2023-01-06,Heat,Away,104,Suns,Home,96,30,21,27,26,23,23,27,23
401468745,2023-01-06,Hawks,Away,114,Lakers,Home,130,28,21,33,32,37,33,28,32
401468746,2023-01-07,Celtics,Away,121,Spurs,Home,116,33,35,25,28,30,27,32,27
401468747,2023-01-07,Jazz,Away,118,Bulls,Home,126,24,25,40,29,28,25,31,42
401468748,2023-01-07,Pelicans,Away,117,Mavericks,Home,127,15,31,35,36,34,29,34,30
401468749,2023-01-07,Magic,Away,115,Warriors,Home,101,28,34,30,23,29,30,23,19
401468750,2023-01-07,Lakers,Away,136,Kings,Home,134,37,36,36,27,38,35,36,25
401468751,2023-01-08,76ers,Away,123,Pistons,Home,111,35,36,29,23,27,27,28,29
401468752,2023-01-08,"Trail Blazers",Away,105,Raptors,Home,117,27,26,21,31,34,24,31,28
401468753,2023-01-08,Hornets,Away,111,Pacers,Home,116,27,18,34,32,15,32,26,43
401468754,2023-01-08,Nets,Away,102,Heat,Home,101,31,35,13,23,30,34,18,19
401468755,2023-01-08,Jazz,Away,118,Grizzlies,Home,123,24,28,38,28,23,43,32,25
401468756,2023-01-08,Timberwolves,Away,104,Rockets,Home,96,24,34,19,27,33,29,19,15
401468757,2023-01-08,Mavericks,Away,109,Thunder,Home,120,34,21,28,26,33,36,27,24
401468758,2023-01-08,Cavaliers,Away,112,Suns,Home,98,35,22,23,32,26,28,25,19
401468759,2023-01-08,Hawks,Away,112,Clippers,Home,108,25,41,19,27,26,26,35,21
401468760,2023-01-09,Pelicans,Away,132,Wizards,Home,112,35,33,32,32,37,19,32,24
401468761,2023-01-09,Bulls,Away,99,Celtics,Home,107,25,25,23,26,28,31,25,23
401468762,2023-01-09,Bucks,Away,111,Knicks,Home,107,22,24,27,38,22,29,27,29
401468763,2023-01-09,Spurs,Away,113,Grizzlies,Home,121,25,36,31,21,35,37,25,24
401468764,2023-01-09,Lakers,Away,109,Nuggets,Home,122,23,25,31,30,29,33,32,28
401468765,2023-01-09,Magic,Away,111,Kings,Home,136,31,21,32,27,41,31,35,29
401468766,2023-01-10,Thunder,Away,111,Heat,Home,112,26,30,32,23,31,32,26,23
401468767,2023-01-10,Pistons,Away,116,76ers,Home,147,20,23,32,41,27,38,42,40
401468768,2023-01-10,Hornets,Away,120,Raptors,Home,132,34,32,28,26,35,37,24,36
401468769,2023-01-10,Cavaliers,Away,114,Jazz,Home,116,24,31,29,30,31,24,33,28
401468770,2023-01-10,Suns,Away,125,Warriors,Home,113,31,28,39,27,26,19,34,34
401468771,2023-01-10,Magic,Away,109,"Trail Blazers",Home,106,33,17,32,27,20,30,23,33
401468772,2023-01-10,Mavericks,Away,101,Clippers,Home,113,25,22,31,23,31,38,19,25
401468773,2023-01-11,Timberwolves,Away,118,Pistons,Home,135,34,30,23,31,31,34,36,34
401468774,2023-01-11,Bulls,Away,97,Wizards,Home,100,29,30,21,17,25,21,41,13
401468775,2023-01-11,Bucks,Away,114,Hawks,Home,105,39,28,22,25,19,27,36,23
401468776,2023-01-11,Pelicans,Away,114,Celtics,Home,125,32,26,27,29,35,29,33,28
401468777,2023-01-11,Pacers,Away,113,Knicks,Home,119,21,20,40,32,37,25,33,24
401468778,2023-01-11,Spurs,Away,129,Grizzlies,Home,135,37,25,35,32,32,44,36,23
401468779,2023-01-11,Suns,Away,97,Nuggets,Home,126,28,26,21,22,34,36,30,26
401468780,2023-01-11,Rockets,Away,115,Kings,Home,135,27,35,33,20,31,36,27,41
401468781,2023-01-12,Thunder,Away,133,76ers,Home,114,35,32,34,32,35,22,28,29
401468782,2023-01-12,Celtics,Away,109,Nets,Home,98,29,31,24,25,31,26,25,16
401468783,2023-01-12,Bucks,Away,102,Heat,Home,108,23,22,28,29,14,31,33,30
401468784,2023-01-12,Hornets,Away,114,Raptors,Home,124,29,26,33,26,38,31,28,27
401468785,2023-01-12,Mavericks,Away,119,Lakers,Home,115,36,23,23,19,22,26,28,25
401468786,2023-01-12,Cavaliers,Away,119,"Trail Blazers",Home,113,27,24,36,32,32,26,33,22
401468787,2023-01-13,Pelicans,Away,116,Pistons,Home,110,32,27,33,24,28,22,33,27
401468788,2023-01-13,Hawks,Away,113,Pacers,Home,111,36,19,29,29,27,31,31,22
401468789,2023-01-13,Knicks,Away,112,Wizards,Home,108,19,31,30,32,21,32,23,32
401468790,2023-01-13,Warriors,Away,144,Spurs,Home,113,33,41,40,30,28,32,29,24
401468791,2023-01-13,Thunder,Away,124,Bulls,Home,110,33,39,19,33,31,27,32,20
401468792,2023-01-13,Suns,Away,116,Timberwolves,Home,121,25,24,26,41,35,29,28,29
401468793,2023-01-13,Magic,Away,108,Jazz,Home,112,27,29,27,25,36,25,27,24
401468794,2023-01-13,Nuggets,Away,115,Clippers,Home,103,32,25,29,29,34,24,23,22
401468795,2023-01-13,Rockets,Away,114,Kings,Home,139,32,34,26,22,36,33,43,27
401468796,2023-01-14,Bucks,Away,95,Heat,Home,111,20,25,26,24,28,25,24,34
401468797,2023-01-14,Celtics,Away,122,Hornets,Home,106,31,31,33,27,34,32,19,21
401468798,2023-01-14,Grizzlies,Away,130,Pacers,Home,112,36,32,29,33,28,24,27,33
401468799,2023-01-14,Hawks,Away,114,Raptors,Home,103,34,35,27,18,25,32,22,24
401468800,2023-01-14,Cavaliers,Away,102,Timberwolves,Home,110,25,29,26,22,27,22,28,33
401468801,2023-01-14,76ers,Away,118,Jazz,Home,117,41,25,22,30,24,32,29,32
401468802,2023-01-14,Mavericks,Away,119,"Trail Blazers",Home,136,30,26,34,29,31,40,35,30
401468803,2023-01-15,Knicks,Away,117,Pistons,Home,104,39,23,28,27,22,33,25,24
401468804,2023-01-15,Rockets,Away,100,Clippers,Home,121,30,33,27,10,31,31,29,30
401468805,2023-01-15,Warriors,Away,118,Bulls,Home,132,20,42,24,32,35,24,33,40
401468806,2023-01-15,Thunder,Away,112,Nets,Home,102,28,20,27,37,24,26,30,22
401468807,2023-01-15,Kings,Away,132,Spurs,Home,119,33,30,39,30,32,32,26,29
401468808,2023-01-15,Magic,Away,116,Nuggets,Home,119,25,29,34,28,31,38,25,25
401468809,2023-01-15,Mavericks,Away,123,"Trail Blazers",Home,140,31,23,41,28,33,28,37,42
401468810,2023-01-15,76ers,Away,113,Lakers,Home,112,33,24,29,27,32,26,25,29
401468811,2023-01-16,Celtics,Away,130,Hornets,Home,118,35,31,26,38,22,33,31,32
401468812,2023-01-16,Pacers,Away,119,Bucks,Home,132,38,38,22,21,32,33,28,39
401468813,2023-01-16,Pelicans,Away,103,Cavaliers,Home,113,25,25,31,22,24,23,31,35
401468814,2023-01-16,Raptors,Away,123,Knicks,Home,121,29,27,25,29,25,34,28,23
401468815,2023-01-16,Warriors,Away,127,Wizards,Home,118,35,34,24,34,33,31,29,25
401468816,2023-01-16,Heat,Away,113,Hawks,Home,121,26,24,30,33,38,32,21,30
401468817,2023-01-16,Jazz,Away,126,Timberwolves,Home,125,27,25,35,39,27,31,37,30
401468818,2023-01-16,Suns,Away,106,Grizzlies,Home,136,36,29,23,18,29,39,39,29
401468819,2023-01-16,Rockets,Away,132,Lakers,Home,140,35,26,37,34,37,36,29,38
401468820,2023-01-17,Raptors,Away,122,Bucks,Home,130,34,40,23,25,44,23,38,25
401468821,2023-01-17,Nets,Away,98,Spurs,Home,106,15,36,17,30,27,24,25,30
401468822,2023-01-17,"Trail Blazers",Away,113,Nuggets,Home,122,31,36,22,24,34,39,28,21
401468823,2023-01-17,76ers,Away,120,Clippers,Home,110,34,29,27,30,27,25,37,21
401468824,2023-01-18,Wizards,Away,116,Knicks,Home,105,35,21,32,28,22,26,30,27
401468825,2023-01-18,Hawks,Away,130,Mavericks,Home,122,40,25,33,32,37,25,35,25
401468826,2023-01-18,Hornets,Away,122,Rockets,Home,117,36,17,30,39,31,29,24,33
401468827,2023-01-18,Cavaliers,Away,114,Grizzlies,Home,115,30,31,30,23,31,37,21,26
401468828,2023-01-18,Heat,Away,124,Pelicans,Home,98,36,34,28,26,23,28,25,22
401468829,2023-01-18,Pacers,Away,106,Thunder,Home,126,20,24,29,33,36,22,42,26
401468830,2023-01-18,Clippers,Away,103,Jazz,Home,126,26,30,25,22,36,32,27,31
401468831,2023-01-18,Timberwolves,Away,118,Nuggets,Home,122,27,33,35,23,30,25,33,34
401468832,2023-01-18,Kings,Away,116,Lakers,Home,111,28,33,29,26,39,21,22,29
401468834,2023-01-19,Warriors,Away,118,Celtics,Home,121,26,29,34,17,25,29,28,24
401468835,2023-01-19,Raptors,Away,126,Timberwolves,Home,128,37,39,33,17,31,35,35,27
401468836,2023-01-19,Nets,Away,112,Suns,Home,117,29,22,23,38,35,30,29,23
401468837,2023-01-19,76ers,Away,105,"Trail Blazers",Home,95,26,31,22,26,14,20,31,30
401468838,2023-01-20,Pelicans,Away,110,Magic,Home,123,30,30,31,19,23,33,32,35
401468839,2023-01-20,Knicks,Away,124,Hawks,Home,139,38,33,30,23,35,33,34,37
401468840,2023-01-20,Warriors,Away,120,Cavaliers,Home,114,33,31,34,22,28,31,27,28
401468841,2023-01-20,Heat,Away,90,Mavericks,Home,115,19,32,16,23,31,29,32,23
401468842,2023-01-20,Clippers,Away,131,Spurs,Home,126,41,24,33,33,36,36,23,31
401468843,2023-01-20,Pacers,Away,111,Nuggets,Home,134,28,25,29,29,37,24,38,35
401468844,2023-01-20,Nets,Away,117,Jazz,Home,106,28,23,32,34,22,33,28,23
401468845,2023-01-20,Grizzlies,Away,121,Lakers,Home,122,23,30,36,32,26,23,32,41
401468846,2023-01-20,Thunder,Away,113,Kings,Home,118,32,34,22,25,33,26,32,27
401468847,2023-01-21,Celtics,Away,106,Raptors,Home,104,26,24,31,25,27,30,28,19
401468848,2023-01-21,Magic,Away,118,Wizards,Home,138,26,31,34,27,37,33,30,38
401468849,2023-01-21,Hornets,Away,122,Hawks,Home,118,25,24,36,37,31,34,28,25
401468850,2023-01-21,Bucks,Away,102,Cavaliers,Home,114,26,21,34,21,23,27,36,28
401468851,2023-01-21,Rockets,Away,104,Timberwolves,Home,113,26,26,32,20,26,24,37,26
401468852,2023-01-21,Pacers,Away,107,Suns,Home,112,27,30,26,24,29,30,28,25
401468853,2023-01-21,76ers,Away,129,Kings,Home,127,27,37,38,27,35,39,22,31
401468854,2023-01-22,Pelicans,Away,96,Heat,Home,100,32,15,25,24,23,18,28,31
401468855,2023-01-22,Knicks,Away,116,Raptors,Home,125,22,31,33,30,37,25,24,39
401468856,2023-01-22,Clippers,Away,112,Mavericks,Home,98,22,27,30,33,20,34,25,19
401468857,2023-01-22,Thunder,Away,101,Nuggets,Home,99,27,25,29,20,18,29,27,25
401468858,2023-01-22,Grizzlies,Away,110,Suns,Home,112,18,19,35,38,32,30,25,25
401468859,2023-01-22,Nets,Away,120,Warriors,Home,116,28,32,26,34,33,39,18,26
401468860,2023-01-22,Lakers,Away,121,"Trail Blazers",Home,112,33,13,40,35,26,45,20,21
401468861,2023-01-23,Bucks,Away,150,Pistons,Home,130,49,34,32,35,24,31,37,38
401468862,2023-01-23,Celtics,Away,98,Magic,Home,113,23,31,25,19,30,25,33,25
401468863,2023-01-23,Hawks,Away,100,Bulls,Home,111,21,27,30,22,17,40,21,33
401468864,2023-01-23,Timberwolves,Away,114,Rockets,Home,119,26,30,25,33,31,25,34,29
401468865,2023-01-23,Hornets,Away,102,Jazz,Home,120,24,21,34,23,21,37,31,31
401468866,2023-01-23,Spurs,Away,127,"Trail Blazers",Home,147,38,36,27,26,40,34,45,28
401468867,2023-01-23,Grizzlies,Away,100,Kings,Home,133,33,28,29,10,47,19,34,33
401468868,2023-01-24,Bulls,Away,110,Pacers,Home,116,33,29,25,23,21,25,34,36
401468869,2023-01-24,Celtics,Away,95,Heat,Home,98,30,28,24,13,32,18,25,23
401468870,2023-01-24,Cavaliers,Away,103,Knicks,Home,105,27,24,24,28,34,19,27,25
401468871,2023-01-24,Nuggets,Away,99,Pelicans,Home,98,28,35,20,16,24,23,27,24
401468872,2023-01-24,Wizards,Away,127,Mavericks,Home,126,32,33,34,28,28,32,37,29
401468873,2023-01-24,Hornets,Away,97,Suns,Home,128,15,32,30,20,36,22,40,30
401468874,2023-01-24,Clippers,Away,133,Lakers,Home,115,37,40,21,35,30,24,28,33
401468875,2023-01-25,Pacers,Away,120,Magic,Home,126,29,39,23,29,46,27,29,24
401468876,2023-01-25,Nets,Away,133,76ers,Home,137,41,24,33,35,41,34,32,30
401468877,2023-01-25,Wizards,Away,108,Rockets,Home,103,25,18,28,37,30,28,23,22
401468878,2023-01-25,Nuggets,Away,99,Bucks,Home,107,27,26,20,26,26,32,23,26
401468879,2023-01-25,Timberwolves,Away,111,Pelicans,Home,102,26,20,39,26,34,18,21,29
401468880,2023-01-25,Hawks,Away,137,Thunder,Home,132,39,38,32,28,43,34,27,28
401468881,2023-01-25,Grizzlies,Away,120,Warriors,Home,122,22,32,42,24,24,29,37,32
401468882,2023-01-25,Jazz,Away,124,"Trail Blazers",Home,134,31,33,27,33,19,47,36,32
401468883,2023-01-25,Raptors,Away,113,Kings,Home,95,24,34,26,29,23,27,17,28
401468884,2023-01-25,Spurs,Away,104,Lakers,Home,113,30,24,28,22,25,28,28,32
401468885,2023-01-26,Knicks,Away,120,Celtics,Home,117,26,32,33,19,34,26,25,25
401468886,2023-01-26,Pistons,Away,130,Nets,Home,122,30,28,43,29,27,32,31,32
401468887,2023-01-26,Bulls,Away,96,Hornets,Home,111,36,19,24,17,32,15,30,34
401468888,2023-01-26,Cavaliers,Away,113,Rockets,Home,95,37,37,23,16,25,23,26,21
401468889,2023-01-26,Mavericks,Away,99,Suns,Home,95,32,22,22,23,32,16,21,26
401468890,2023-01-26,Spurs,Away,100,Clippers,Home,138,25,32,24,19,41,37,26,34
401468891,2023-01-27,Bucks,Away,141,Pacers,Home,131,45,40,29,27,30,26,43,32
401468892,2023-01-27,Grizzlies,Away,100,Timberwolves,Home,111,31,22,24,23,38,24,25,24
401468893,2023-01-27,Magic,Away,105,Heat,Home,110,31,28,20,26,26,24,23,37
401468894,2023-01-27,Cavaliers,Away,100,Thunder,Home,112,25,29,24,22,27,20,31,34
401468895,2023-01-27,Raptors,Away,117,Warriors,Home,129,36,26,32,23,34,29,35,31
401468896,2023-01-28,Nuggets,Away,119,76ers,Home,126,38,35,26,20,29,29,38,30
401468897,2023-01-28,Knicks,Away,115,Nets,Home,122,22,27,32,34,28,34,26,34
401468898,2023-01-28,Rockets,Away,117,Pistons,Home,114,27,32,24,34,37,20,29,28
401468899,2023-01-28,Bulls,Away,128,Magic,Home,109,25,35,35,33,19,28,34,28
401468900,2023-01-28,Clippers,Away,120,Hawks,Home,113,22,36,26,36,28,25,28,32
401468901,2023-01-28,Kings,Away,110,Timberwolves,Home,117,21,38,22,29,29,28,33,27
401468902,2023-01-28,Wizards,Away,113,Pelicans,Home,103,32,27,29,25,30,20,24,29
401468903,2023-01-28,Suns,Away,128,Spurs,Home,118,33,22,32,23,26,22,28,34
401468904,2023-01-28,Lakers,Away,121,Celtics,Home,125,27,27,27,24,28,20,33,24
401468905,2023-01-28,Mavericks,Away,100,Jazz,Home,108,23,25,28,24,34,32,18,24
401468906,2023-01-28,Raptors,Away,123,"Trail Blazers",Home,105,37,26,25,35,14,30,39,22
401468907,2023-01-29,Heat,Away,117,Hornets,Home,122,28,34,24,31,26,32,33,31
401468908,2023-01-29,Pacers,Away,100,Grizzlies,Home,112,32,30,17,21,23,27,30,32
401468909,2023-01-29,Clippers,Away,99,Cavaliers,Home,122,15,19,23,42,31,33,25,33
401468910,2023-01-29,Pelicans,Away,110,Bucks,Home,135,19,25,44,22,37,25,44,29
401468911,2023-01-30,Magic,Away,119,76ers,Home,109,17,35,42,25,30,32,28,19
401468912,2023-01-30,Lakers,Away,104,Nets,Home,121,16,30,36,22,29,29,27,36
401468913,2023-01-30,Kings,Away,118,Timberwolves,Home,111,24,27,27,25,17,36,28,22
401468914,2023-01-30,Warriors,Away,128,Thunder,Home,120,38,25,31,34,20,28,37,35
401468915,2023-01-30,Wizards,Away,127,Spurs,Home,106,30,33,35,29,36,19,32,19
401468916,2023-01-30,Pistons,Away,105,Mavericks,Home,111,27,30,27,21,30,23,30,28
401468917,2023-01-30,Raptors,Away,106,Suns,Home,114,28,25,31,22,31,31,20,32
401468918,2023-01-30,Hawks,Away,125,"Trail Blazers",Home,129,23,37,32,33,31,33,35,30
401468919,2023-01-31,Heat,Away,100,Cavaliers,Home,97,24,31,24,21,26,26,27,18
401468920,2023-01-31,Lakers,Away,129,Knicks,Home,123,29,23,34,28,24,29,30,31
401468921,2023-01-31,Clippers,Away,108,Bulls,Home,103,20,34,31,23,32,26,26,19
401468922,2023-01-31,Hornets,Away,115,Bucks,Home,124,27,37,26,25,34,30,33,27
401468923,2023-01-31,Pelicans,Away,113,Nuggets,Home,122,35,25,24,29,31,26,36,29
401468925,2023-02-01,Magic,Away,94,76ers,Home,105,23,30,25,16,37,19,26,23
401468926,2023-02-01,"Trail Blazers",Away,122,Grizzlies,Home,112,26,26,32,38,32,25,33,22
401468927,2023-02-01,Nets,Away,96,Celtics,Home,139,16,29,27,24,46,33,31,29
401468928,2023-02-01,Thunder,Away,106,Rockets,Home,112,25,33,28,20,34,33,17,28
401468929,2023-02-01,Warriors,Away,114,Timberwolves,Home,119,34,37,22,17,32,30,20,28
401468930,2023-02-01,Kings,Away,119,Spurs,Home,109,30,31,28,30,31,23,30,25
401468931,2023-02-01,Raptors,Away,128,Jazz,Home,131,25,35,32,36,31,34,31,35
401468932,2023-02-01,Hawks,Away,132,Suns,Home,100,26,40,36,30,23,24,20,33
401468933,2023-02-02,Lakers,Away,112,Pacers,Home,111,30,24,30,28,35,32,29,15
401468934,2023-02-02,Grizzlies,Away,113,Cavaliers,Home,128,26,28,33,26,30,37,32,29
401468935,2023-02-02,Heat,Away,104,Knicks,Home,106,22,26,24,32,28,23,26,29
401468936,2023-02-02,Hornets,Away,98,Bulls,Home,114,29,20,21,28,31,22,32,29
401468937,2023-02-02,Pelicans,Away,106,Mavericks,Home,111,22,21,33,30,40,30,25,16
401468938,2023-02-02,Warriors,Away,117,Nuggets,Home,134,35,34,22,26,34,36,35,29
401468939,2023-02-02,Clippers,Away,105,Bucks,Home,106,24,32,31,18,15,34,29,28
401468940,2023-02-03,Hornets,Away,112,Pistons,Home,118,30,38,26,18,29,40,23,26
401468941,2023-02-03,Kings,Away,104,Pacers,Home,107,27,21,32,24,28,32,27,20
401468942,2023-02-03,"Trail Blazers",Away,124,Wizards,Home,116,19,32,39,34,36,33,25,22
401468943,2023-02-03,Suns,Away,106,Celtics,Home,94,24,33,17,32,20,24,29,21
401468944,2023-02-03,Raptors,Away,117,Rockets,Home,111,20,35,30,32,21,27,24,39
401468945,2023-02-03,Magic,Away,127,Timberwolves,Home,120,27,37,26,37,34,23,18,45
401468946,2023-02-03,76ers,Away,137,Spurs,Home,125,26,47,33,31,26,35,26,38
401468947,2023-02-03,Hawks,Away,115,Jazz,Home,108,32,30,29,24,22,28,28,30
401468948,2023-02-04,Wizards,Away,123,Nets,Home,125,44,29,26,24,25,30,37,33
401468949,2023-02-04,Suns,Away,116,Pistons,Home,100,30,28,30,28,27,22,27,24
401468950,2023-02-04,Clippers,Away,134,Knicks,Home,128,36,27,33,19,28,28,25,34
401468951,2023-02-04,"Trail Blazers",Away,121,Bulls,Home,129,27,43,17,34,34,25,33,37
401468952,2023-02-04,Heat,Away,115,Bucks,Home,123,26,36,30,23,34,28,32,29
401468953,2023-02-04,Lakers,Away,126,Pelicans,Home,131,32,40,34,20,30,31,42,28
401468954,2023-02-04,Rockets,Away,121,Thunder,Home,153,19,34,28,40,38,41,44,30
401468955,2023-02-04,Mavericks,Away,113,Warriors,Home,119,23,35,28,27,40,33,29,17
401468956,2023-02-04,Hawks,Away,108,Nuggets,Home,128,30,22,34,22,35,35,27,31
401468957,2023-02-05,Magic,Away,119,Hornets,Home,113,28,34,28,29,37,21,27,28
401468958,2023-02-05,Cavaliers,Away,122,Pacers,Home,103,27,35,36,24,25,21,38,19
401468959,2023-02-05,76ers,Away,97,Knicks,Home,108,35,18,26,18,24,27,25,32
401468960,2023-02-05,Raptors,Away,106,Grizzlies,Home,103,28,31,19,28,31,31,24,17
401468961,2023-02-05,Nuggets,Away,98,Timberwolves,Home,128,21,22,28,27,32,31,31,34
401468962,2023-02-05,Kings,Away,104,Pelicans,Home,136,26,26,24,28,34,36,34,32
401468963,2023-02-06,Celtics,Away,111,Pistons,Home,99,26,34,30,21,25,28,19,27
401468964,2023-02-06,Cavaliers,Away,114,Wizards,Home,91,37,29,30,18,25,21,26,19
401468965,2023-02-06,Clippers,Away,124,Nets,Home,116,29,26,36,33,27,26,35,28
401468966,2023-02-06,Spurs,Away,104,Bulls,Home,128,28,31,26,19,39,23,28,38
401468967,2023-02-06,Kings,Away,140,Rockets,Home,120,31,34,34,41,24,24,40,32
401468968,2023-02-06,Mavericks,Away,124,Jazz,Home,111,25,35,29,35,37,25,23,26
401468969,2023-02-06,Thunder,Away,114,Warriors,Home,141,37,16,26,35,31,29,44,37
401468970,2023-02-06,Bucks,Away,127,"Trail Blazers",Home,108,30,28,37,32,22,26,23,37
401468971,2023-02-07,Knicks,Away,102,Magic,Home,98,22,18,26,36,26,22,21,29
401468972,2023-02-07,Suns,Away,116,Nets,Home,112,24,33,30,29,25,26,30,31
401468973,2023-02-07,Hawks,Away,107,Pelicans,Home,116,35,24,22,26,33,29,29,25
401468974,2023-02-07,Bulls,Away,89,Grizzlies,Home,104,14,25,36,14,26,23,23,32
401468975,2023-02-07,Timberwolves,Away,112,Nuggets,Home,146,19,29,27,37,49,30,31,36
401468976,2023-02-07,Thunder,Away,133,Lakers,Home,130,36,40,28,29,34,32,33,31
401468977,2023-02-08,Pistons,Away,85,Cavaliers,Home,113,14,26,28,17,32,19,25,37
401468978,2023-02-08,Hornets,Away,104,Wizards,Home,118,31,30,15,28,32,29,27,30
401468979,2023-02-08,76ers,Away,99,Celtics,Home,106,27,28,24,20,30,29,27,20
401468980,2023-02-08,Pacers,Away,111,Heat,Home,116,30,33,20,28,39,21,29,27
401468981,2023-02-08,Spurs,Away,98,Raptors,Home,112,24,30,21,23,34,23,31,24
401468982,2023-02-08,Kings,Away,130,Rockets,Home,128,30,28,41,31,37,25,35,31
401468983,2023-02-08,Timberwolves,Away,143,Jazz,Home,118,33,44,40,26,31,36,21,30
401468984,2023-02-08,Mavericks,Away,110,Clippers,Home,104,41,19,21,29,25,27,26,26
401468985,2023-02-08,Warriors,Away,122,"Trail Blazers",Home,125,27,40,28,27,34,29,32,30
401468986,2023-02-09,Nuggets,Away,104,Magic,Home,115,26,29,29,20,29,36,24,26
401468987,2023-02-09,Suns,Away,107,Hawks,Home,116,22,25,28,32,36,20,37,23
401468988,2023-02-09,Bulls,Away,105,Nets,Home,116,26,24,34,21,19,34,26,37
401468989,2023-02-09,Bucks,Away,115,Lakers,Home,106,26,24,38,27,31,27,23,25
401468990,2023-02-10,Spurs,Away,131,Pistons,Home,138,28,26,29,30,19,34,38,22
401468991,2023-02-10,Suns,Away,117,Pacers,Home,104,30,30,35,22,24,23,30,27
401468992,2023-02-10,Knicks,Away,108,76ers,Home,119,36,29,28,15,28,31,33,27
401468993,2023-02-10,Hornets,Away,116,Celtics,Home,127,24,29,28,35,32,39,26,30
401468994,2023-02-10,Jazz,Away,122,Raptors,Home,116,28,30,25,39,34,27,35,20
401468995,2023-02-10,Rockets,Away,95,Heat,Home,97,29,27,17,22,28,30,17,22
401468996,2023-02-10,Timberwolves,Away,107,Grizzlies,Home,128,32,26,28,21,31,38,34,25
401468997,2023-02-10,Cavaliers,Away,118,Pelicans,Home,107,38,35,28,17,28,28,26,25
401468998,2023-02-10,Thunder,Away,138,"Trail Blazers",Home,129,33,39,31,35,35,33,37,24
401468999,2023-02-10,Mavericks,Away,122,Kings,Home,114,45,29,27,21,25,31,31,27
401469000,2023-02-10,Bucks,Away,119,Clippers,Home,106,22,32,27,38,27,24,25,30
401469001,2023-02-11,76ers,Away,101,Nets,Home,98,26,26,24,25,28,32,22,16
401469002,2023-02-11,Nuggets,Away,119,Hornets,Home,105,27,30,37,25,34,26,23,22
401469003,2023-02-11,Heat,Away,107,Magic,Home,103,19,27,26,25,29,25,25,18
401469004,2023-02-11,Pacers,Away,113,Wizards,Home,127,29,28,31,25,37,43,24,23
401469005,2023-02-11,Spurs,Away,106,Hawks,Home,125,31,29,17,29,32,29,32,32
401469006,2023-02-11,Jazz,Away,120,Knicks,Home,126,28,28,28,36,33,29,25,39
401469007,2023-02-11,Bulls,Away,89,Cavaliers,Home,97,29,20,25,15,26,14,29,28
401469008,2023-02-11,Lakers,Away,109,Warriors,Home,103,21,30,34,24,22,31,26,24
401469009,2023-02-11,Mavericks,Away,128,Kings,Home,133,32,32,24,26,34,28,24,28
401469010,2023-02-12,Grizzlies,Away,109,Celtics,Home,119,28,20,33,28,26,35,21,37
401469011,2023-02-12,Pistons,Away,118,Raptors,Home,119,29,23,25,41,31,22,31,35
401469012,2023-02-13,Hawks,Away,138,Hornets,Home,144,27,41,28,42,36,38,35,35
401469013,2023-02-13,Spurs,Away,109,Cavaliers,Home,117,19,30,32,28,34,31,26,26
401469014,2023-02-13,Jazz,Away,123,Pacers,Home,117,27,26,36,34,33,18,37,29
401469015,2023-02-13,Rockets,Away,104,76ers,Home,123,29,19,30,26,32,23,35,33
401469016,2023-02-13,Nuggets,Away,112,Heat,Home,108,27,38,24,23,36,26,21,25
401469017,2023-02-13,Nets,Away,106,Knicks,Home,124,26,35,22,23,32,26,35,31
401469018,2023-02-13,Magic,Away,100,Bulls,Home,91,25,24,27,24,21,23,24,23
401469019,2023-02-13,Pelicans,Away,103,Thunder,Home,100,33,27,16,27,25,26,22,27
401469020,2023-02-13,Timberwolves,Away,124,Mavericks,Home,121,33,32,35,24,23,31,28,39
401469021,2023-02-13,Wizards,Away,126,Warriors,Home,135,39,27,27,33,29,42,35,29
401469022,2023-02-13,Lakers,Away,115,"Trail Blazers",Home,127,19,27,33,36,34,31,36,26
401469023,2023-02-14,Magic,Away,113,Raptors,Home,123,27,43,19,24,35,30,29,29
401469024,2023-02-14,Celtics,Away,125,Bucks,Home,131,35,28,32,21,27,37,26,26
401469025,2023-02-14,Kings,Away,109,Suns,Home,120,29,29,28,23,27,35,28,30
401469026,2023-02-14,Warriors,Away,124,Clippers,Home,134,23,42,28,31,31,30,44,29
401469027,2023-02-14,Wizards,Away,126,"Trail Blazers",Home,101,31,28,38,29,27,25,22,27
401469028,2023-02-15,Spurs,Away,110,Hornets,Home,120,32,25,29,24,32,28,33,27
401469029,2023-02-15,Bulls,Away,113,Pacers,Home,117,39,19,28,27,15,27,40,35
401469030,2023-02-15,Cavaliers,Away,112,76ers,Home,118,24,14,32,42,38,25,24,31
401469031,2023-02-15,Knicks,Away,122,Hawks,Home,101,37,29,25,31,21,23,32,25
401469032,2023-02-15,Pistons,Away,109,Celtics,Home,127,26,25,38,20,31,35,31,30
401469033,2023-02-15,Heat,Away,105,Nets,Home,116,25,31,24,25,26,26,31,33
401469034,2023-02-15,Jazz,Away,111,Grizzlies,Home,117,24,23,33,31,38,25,25,29
401469035,2023-02-15,Rockets,Away,96,Thunder,Home,133,21,33,24,18,38,38,40,17
401469036,2023-02-15,Mavericks,Away,109,Nuggets,Home,118,25,19,30,35,26,35,31,26
401469037,2023-02-15,Pelicans,Away,102,Lakers,Home,120,25,26,24,27,38,17,34,31
401469038,2023-02-16,Bucks,Away,112,Bulls,Home,100,34,27,24,27,24,25,24,27
401469039,2023-02-16,Wizards,Away,114,Timberwolves,Home,106,21,30,25,38,36,23,28,19
401469040,2023-02-16,Clippers,Away,116,Suns,Home,107,28,26,37,25,23,29,32,23
401469041,2023-02-23,Nuggets,Away,115,Cavaliers,Home,109,31,25,33,26,26,31,34,18
401469042,2023-02-23,Celtics,Away,142,Pacers,Home,138,34,34,32,25,31,27,39,28
401469043,2023-02-23,Pistons,Away,106,Magic,Home,108,26,20,33,27,28,19,33,28
401469044,2023-02-23,Grizzlies,Away,105,76ers,Home,110,37,22,22,24,22,25,28,35
401469045,2023-02-23,Pelicans,Away,110,Raptors,Home,115,19,26,32,33,23,31,38,23
401469046,2023-02-23,Spurs,Away,116,Mavericks,Home,142,26,37,27,26,34,40,25,43
401469047,2023-02-23,Thunder,Away,119,Jazz,Home,120,26,29,31,20,28,18,32,28
401469048,2023-02-23,Warriors,Away,111,Lakers,Home,124,23,33,24,31,31,28,36,29
401469049,2023-02-23,"Trail Blazers",Away,116,Kings,Home,133,37,20,34,25,29,37,34,33
401469050,2023-02-24,Knicks,Away,115,Wizards,Home,109,27,33,29,26,38,26,24,21
401469051,2023-02-24,Cavaliers,Away,119,Hawks,Home,136,23,34,26,36,32,49,27,28
401469052,2023-02-24,Heat,Away,99,Bucks,Home,128,32,24,18,25,42,31,22,33
401469053,2023-02-24,Hornets,Away,121,Timberwolves,Home,113,37,35,24,25,32,32,25,24
401469054,2023-02-24,Thunder,Away,115,Suns,Home,124,30,30,27,28,29,36,29,30
401469055,2023-02-24,Nets,Away,87,Bulls,Home,131,18,11,22,36,33,30,34,34
401469056,2023-02-24,Rockets,Away,101,Warriors,Home,116,26,23,28,24,26,40,20,30
401469057,2023-02-24,Kings,Away,176,Clippers,Home,175,40,36,34,43,40,40,37,36
401469058,2023-02-25,Raptors,Away,95,Pistons,Home,91,22,22,27,24,22,22,26,21
401469059,2023-02-25,Heat,Away,103,Hornets,Home,108,16,35,21,31,29,25,28,26
401469060,2023-02-25,Pacers,Away,121,Magic,Home,108,27,24,31,39,25,27,22,34
401469061,2023-02-25,Pelicans,Away,106,Knicks,Home,128,26,26,30,24,42,31,29,26
401469062,2023-02-25,Nuggets,Away,94,Grizzlies,Home,112,20,22,20,32,28,38,28,18
401469063,2023-02-25,Celtics,Away,110,76ers,Home,107,28,22,30,30,30,26,22,29
401469064,2023-02-25,Spurs,Away,102,Jazz,Home,118,33,32,14,23,24,31,30,33
401469065,2023-02-26,Suns,Away,101,Bucks,Home,104,26,20,28,27,33,20,22,29
401469066,2023-02-26,Nets,Away,127,Hawks,Home,129,29,28,37,33,37,27,33,32
401469067,2023-02-26,Wizards,Away,82,Bulls,Home,102,27,18,22,15,25,22,27,28
401469068,2023-02-26,Lakers,Away,111,Mavericks,Home,108,16,31,31,33,28,33,20,27
401469069,2023-02-26,Raptors,Away,93,Cavaliers,Home,118,28,24,24,17,34,30,28,26
401469070,2023-02-26,Kings,Away,124,Thunder,Home,115,36,22,36,30,26,24,40,25
401469071,2023-02-26,Timberwolves,Away,104,Warriors,Home,109,34,23,30,17,25,34,19,31
401469072,2023-02-26,Rockets,Away,114,"Trail Blazers",Home,131,31,27,30,26,32,41,29,29
401469073,2023-02-26,Clippers,Away,124,Nuggets,Home,134,22,36,30,32,35,31,31,23
401469074,2023-02-27,Pistons,Away,106,Hornets,Home,117,21,25,30,30,41,24,27,25
401469075,2023-02-27,Heat,Away,101,76ers,Home,99,28,30,26,17,22,28,30,19
401469076,2023-02-27,Celtics,Away,94,Knicks,Home,109,15,31,29,19,27,33,28,21
401469077,2023-02-27,Magic,Away,101,Pelicans,Home,93,36,14,29,22,25,24,25,19
401469088,2023-03-01,Suns,Away,105,Hornets,Home,91,27,30,22,26,22,19,32,18
401469089,2023-03-01,Bulls,Away,117,Pistons,Home,115,38,31,32,16,36,18,32,29
401469090,2023-03-01,Cavaliers,Away,113,Celtics,Home,117,28,24,26,35,26,29,41,21
401469091,2023-03-01,76ers,Away,119,Heat,Home,96,34,37,25,23,38,15,24,19
401469092,2023-03-01,Nets,Away,118,Knicks,Home,142,29,28,30,31,47,34,29,32
401469093,2023-03-01,Grizzlies,Away,113,Rockets,Home,99,25,22,38,28,19,25,24,31
401469094,2023-03-01,Magic,Away,117,Bucks,Home,139,29,37,30,21,31,45,32,31
401469095,2023-03-01,Lakers,Away,123,Thunder,Home,117,31,26,33,33,30,30,24,33
401469096,2023-03-01,Pelicans,Away,121,"Trail Blazers",Home,110,29,24,37,31,31,25,35,19
401469097,2023-03-02,Raptors,Away,108,Wizards,Home,119,20,30,28,30,24,35,30,30
401469098,2023-03-02,76ers,Away,126,Mavericks,Home,133,37,30,24,35,38,33,39,23
401469099,2023-03-02,Pacers,Away,99,Spurs,Home,110,29,25,16,29,21,31,31,27
401469100,2023-03-02,Clippers,Away,91,Warriors,Home,115,27,29,16,19,26,19,42,28
401469101,2023-03-03,Magic,Away,117,Hornets,Home,106,31,33,27,26,26,22,25,33
401469102,2023-03-03,"Trail Blazers",Away,111,Hawks,Home,129,19,30,27,35,31,28,38,32
401469103,2023-03-03,Nets,Away,115,Celtics,Home,105,15,40,34,26,37,27,20,21
401469104,2023-03-03,Knicks,Away,122,Heat,Home,120,37,34,25,26,31,25,32,32
401469105,2023-03-03,Suns,Away,125,Bulls,Home,104,40,20,34,31,29,35,21,19
401469106,2023-03-03,Jazz,Away,103,Thunder,Home,130,29,23,32,19,34,33,30,33
401469107,2023-03-03,Grizzlies,Away,97,Nuggets,Home,113,27,31,22,17,28,22,30,33
401469108,2023-03-03,Pelicans,Away,99,Warriors,Home,108,35,22,21,21,21,33,28,26
401469109,2023-03-03,Clippers,Away,127,Kings,Home,128,32,31,33,31,35,33,33,27
401469110,2023-03-03,Timberwolves,Away,110,Lakers,Home,102,33,23,27,27,34,21,21,26
401469111,2023-03-04,Raptors,Away,116,Wizards,Home,109,26,27,33,19,30,23,26,26
401469112,2023-03-04,Pistons,Away,90,Cavaliers,Home,114,21,24,22,23,24,30,42,18
401469113,2023-03-04,Hawks,Away,109,Heat,Home,117,26,23,26,34,29,37,21,30
401469114,2023-03-04,Rockets,Away,122,Spurs,Home,110,29,41,25,27,32,36,22,20
401469115,2023-03-04,76ers,Away,133,Bucks,Home,130,29,24,32,48,29,30,40,31
401469116,2023-03-04,Timberwolves,Away,138,Kings,Home,134,36,38,31,33,30,34,38,32
401469117,2023-03-05,Suns,Away,130,Mavericks,Home,126,31,28,37,34,25,37,33,31
401469118,2023-03-05,Pacers,Away,125,Bulls,Home,122,30,37,28,30,35,25,29,33
401469119,2023-03-05,Warriors,Away,105,Lakers,Home,113,18,36,18,33,33,22,23,35
401469120,2023-03-05,Hornets,Away,86,Nets,Home,102,21,20,21,24,36,34,16,16
401469121,2023-03-05,"Trail Blazers",Away,122,Magic,Home,119,31,27,34,30,27,29,32,31
401469122,2023-03-05,Spurs,Away,110,Rockets,Home,142,24,39,24,23,38,35,35,34
401469123,2023-03-05,Jazz,Away,119,Thunder,Home,129,20,31,33,35,35,35,31,28
401469124,2023-03-05,Knicks,Away,131,Celtics,Home,129,31,23,34,25,34,27,26,26
401469125,2023-03-05,Grizzlies,Away,129,Clippers,Home,135,28,33,51,17,30,37,30,38
401469126,2023-03-06,Celtics,Away,114,Cavaliers,Home,118,33,35,24,17,26,30,22,31
401469127,2023-03-06,76ers,Away,147,Pacers,Home,143,38,40,36,33,39,40,35,29
401469128,2023-03-05,Bucks,Away,117,Wizards,Home,111,34,25,24,34,28,20,32,31
401469129,2023-03-06,Hawks,Away,128,Heat,Home,130,43,25,28,32,30,33,29,38
401469130,2023-03-06,Raptors,Away,113,Nuggets,Home,118,34,27,27,25,29,29,25,35
401469131,2023-03-06,Pelicans,Away,108,Kings,Home,123,32,27,20,29,29,30,38,26
401469132,2023-03-06,"Trail Blazers",Away,110,Pistons,Home,104,31,28,30,21,18,33,23,30
401469133,2023-03-07,Bucks,Away,134,Magic,Home,123,36,34,32,32,26,34,32,31
401469134,2023-03-07,Hornets,Away,112,Knicks,Home,105,21,29,37,25,21,45,23,16
401469135,2023-03-07,76ers,Away,117,Timberwolves,Home,94,24,34,29,30,27,18,23,26
401469136,2023-03-07,Nets,Away,118,Rockets,Home,96,27,32,33,26,32,22,24,18
401469137,2023-03-07,Warriors,Away,128,Thunder,Home,137,30,34,35,29,40,28,37,32
401469138,2023-03-07,Jazz,Away,116,Mavericks,Home,120,31,28,27,30,34,25,28,33
401469139,2023-03-07,Grizzlies,Away,103,Lakers,Home,112,21,36,23,23,23,33,26,30
401469140,2023-03-08,Hawks,Away,122,Wizards,Home,120,34,24,32,32,28,33,33,26
401469141,2023-03-08,"Trail Blazers",Away,93,Celtics,Home,115,28,17,27,21,35,25,34,21
401469142,2023-03-08,Cavaliers,Away,104,Heat,Home,100,26,31,30,17,30,23,29,18
401469143,2023-03-08,Mavericks,Away,106,Pelicans,Home,113,24,19,22,41,24,35,24,30
401469144,2023-03-08,Bulls,Away,117,Nuggets,Home,96,25,26,36,30,29,23,24,20
401469145,2023-03-08,Thunder,Away,101,Suns,Home,132,21,31,28,21,34,26,44,28
401469146,2023-03-08,Raptors,Away,100,Clippers,Home,108,25,24,25,26,17,32,34,25
401469147,2023-03-09,Hornets,Away,113,Pistons,Home,103,31,28,34,20,23,27,33,20
401469148,2023-03-09,Rockets,Away,125,Pacers,Home,134,27,31,33,24,38,26,34,17
401469149,2023-03-09,Jazz,Away,131,Magic,Home,124,29,35,33,34,28,28,41,27
401469150,2023-03-09,Nets,Away,113,Bucks,Home,118,20,27,33,33,37,27,23,31
401469151,2023-03-09,Warriors,Away,110,Grizzlies,Home,131,28,31,34,17,48,29,22,32
401469152,2023-03-09,Knicks,Away,117,Kings,Home,122,23,30,31,33,30,39,22,31
401469153,2023-03-10,"Trail Blazers",Away,119,76ers,Home,120,37,34,25,23,29,27,29,35
401469154,2023-03-10,Hawks,Away,114,Wizards,Home,107,24,32,29,29,29,21,25,32
401469155,2023-03-10,Cavaliers,Away,115,Heat,Home,119,26,33,30,26,27,23,32,37
401469156,2023-03-10,Nets,Away,124,Timberwolves,Home,123,26,34,37,17,33,35,20,26
401469157,2023-03-10,Nuggets,Away,120,Spurs,Home,128,38,29,26,27,26,42,30,30
401469158,2023-03-10,Raptors,Away,112,Lakers,Home,122,35,27,28,22,31,39,15,37
401469159,2023-03-11,Knicks,Away,95,Clippers,Home,106,19,30,25,21,20,27,29,30
401469160,2023-03-11,Jazz,Away,119,Hornets,Home,111,32,26,39,22,29,20,32,30
401469161,2023-03-11,Pacers,Away,121,Pistons,Home,115,35,34,21,31,30,27,33,25
401469162,2023-03-11,Heat,Away,114,Magic,Home,126,24,31,23,30,34,24,23,27
401469163,2023-03-11,Celtics,Away,134,Hawks,Home,125,37,34,30,33,38,23,28,36
401469164,2023-03-11,Bulls,Away,119,Rockets,Home,111,22,32,33,32,32,23,40,16
401469165,2023-03-11,Mavericks,Away,108,Grizzlies,Home,112,23,27,33,25,27,29,21,35
401469166,2023-03-11,Thunder,Away,110,Pelicans,Home,96,32,31,24,23,22,22,28,24
401469167,2023-03-11,Bucks,Away,116,Warriors,Home,125,26,23,28,34,28,22,30,31
401469168,2023-03-11,Kings,Away,128,Suns,Home,119,31,36,29,32,32,27,36,24
401469169,2023-03-12,Nets,Away,122,Nuggets,Home,120,30,31,37,24,30,39,18,33
401469170,2023-03-12,Cavaliers,Away,114,Hornets,Home,108,25,27,29,33,35,24,30,19
401469171,2023-03-12,Wizards,Away,93,76ers,Home,112,19,31,19,24,27,28,26,31
401469172,2023-03-12,"Trail Blazers",Away,110,Pelicans,Home,127,25,29,19,37,42,32,35,18
401469173,2023-03-12,Thunder,Away,102,Spurs,Home,90,29,23,26,24,19,28,24,19
401469174,2023-03-12,Knicks,Away,112,Lakers,Home,108,31,31,23,27,27,32,27,22
401469175,2023-03-13,Pacers,Away,97,Pistons,Home,117,20,29,19,29,38,29,24,26
401469176,2023-03-13,Timberwolves,Away,136,Hawks,Home,115,40,36,30,30,29,23,33,30
401469177,2023-03-13,Jazz,Away,115,Heat,Home,119,26,31,33,25,33,23,34,29
401469178,2023-03-13,Grizzlies,Away,104,Mavericks,Home,88,29,20,36,19,25,25,21,17
401469179,2023-03-13,Celtics,Away,109,Rockets,Home,111,29,26,25,29,31,31,23,26
401469180,2023-03-13,Suns,Away,112,Warriors,Home,123,21,37,30,24,43,32,23,25
401469181,2023-03-13,Bucks,Away,133,Kings,Home,124,27,26,37,43,32,30,25,37
401469182,2023-03-14,Cavaliers,Away,120,Hornets,Home,104,30,33,35,22,27,21,28,28
401469183,2023-03-14,Pistons,Away,97,Wizards,Home,117,20,25,27,25,38,23,33,23
401469184,2023-03-14,Nuggets,Away,110,Raptors,Home,125,30,26,36,18,49,23,26,27
401469185,2023-03-14,Lakers,Away,123,Pelicans,Home,108,39,36,23,25,24,16,35,33
401469186,2023-03-14,Nets,Away,107,Thunder,Home,121,33,29,20,25,24,28,38,31
401469187,2023-03-14,Magic,Away,114,Spurs,Home,132,29,32,28,25,38,29,31,34
401469188,2023-03-14,Bucks,Away,116,Suns,Home,104,29,28,28,31,24,24,36,20
401469189,2023-03-14,Knicks,Away,123,"Trail Blazers",Home,107,20,29,42,32,33,22,26,26
401469197,2023-03-16,Nuggets,Away,119,Pistons,Home,100,29,29,28,33,28,36,22,14
401469198,2023-03-16,Kings,Away,101,Nets,Home,96,24,30,28,19,24,17,30,25
401469199,2023-03-16,Thunder,Away,111,Raptors,Home,128,28,31,28,24,29,35,29,35
401469200,2023-03-16,Pacers,Away,139,Bucks,Home,123,30,25,49,35,40,24,37,22
401469201,2023-03-16,Magic,Away,113,Suns,Home,116,31,27,27,28,30,33,31,22
401469202,2023-03-17,76ers,Away,121,Hornets,Home,82,31,35,26,29,29,25,13,15
401469203,2023-03-17,Warriors,Away,119,Hawks,Home,127,31,35,30,23,39,32,33,23
401469204,2023-03-17,Wizards,Away,94,Cavaliers,Home,117,24,20,30,20,31,30,23,33
401469205,2023-03-17,Timberwolves,Away,131,Bulls,Home,139,32,27,31,23,28,26,26,33
401469206,2023-03-17,Pelicans,Away,112,Rockets,Home,114,26,28,36,22,31,18,31,34
401469207,2023-03-17,Grizzlies,Away,126,Spurs,Home,120,26,20,35,28,35,34,24,16
401469208,2023-03-17,Celtics,Away,126,"Trail Blazers",Home,112,32,31,26,37,24,24,22,42
401469209,2023-03-17,Mavericks,Away,111,Lakers,Home,110,29,33,27,22,33,21,26,30
401469210,2023-03-18,Nuggets,Away,110,Knicks,Home,116,28,39,24,19,36,26,29,25
401469211,2023-03-18,Magic,Away,113,Clippers,Home,108,31,26,17,39,30,25,27,26
401469212,2023-03-18,76ers,Away,141,Pacers,Home,121,34,38,34,35,24,37,34,26
401469213,2023-03-18,Timberwolves,Away,107,Raptors,Home,122,26,32,27,22,32,34,28,28
401469214,2023-03-18,Kings,Away,132,Wizards,Home,118,37,34,33,28,33,27,32,26
401469215,2023-03-18,Heat,Away,99,Bulls,Home,113,19,26,32,22,33,37,20,23
401469216,2023-03-18,Warriors,Away,119,Grizzlies,Home,133,23,36,41,19,33,38,33,29
401469217,2023-03-18,Celtics,Away,117,Jazz,Home,118,34,30,27,26,24,33,31,30
401469218,2023-03-19,Nuggets,Away,108,Nets,Home,102,33,30,28,17,21,27,23,31
401469219,2023-03-19,Suns,Away,120,Thunder,Home,124,31,38,27,24,25,32,33,34
401469220,2023-03-19,Hawks,Away,118,Spurs,Home,126,40,43,20,15,34,27,39,26
401469221,2023-03-19,Heat,Away,112,Pistons,Home,100,26,26,22,38,29,18,34,19
401469222,2023-03-19,Pelicans,Away,117,Rockets,Home,107,38,26,28,25,28,16,34,29
401469223,2023-03-19,Raptors,Away,111,Bucks,Home,118,29,27,39,16,33,25,31,29
401469224,2023-03-19,Clippers,Away,117,"Trail Blazers",Home,102,36,23,34,24,30,25,28,19
401469225,2023-03-19,Magic,Away,105,Lakers,Home,111,25,24,32,24,28,31,25,27
401469226,2023-03-20,Pacers,Away,109,Hornets,Home,115,40,26,22,21,22,36,27,30
401469227,2023-03-20,Bulls,Away,109,76ers,Home,105,17,27,25,22,22,18,28,23
401469228,2023-03-20,Timberwolves,Away,140,Knicks,Home,134,42,37,30,31,32,38,38,26
401469229,2023-03-20,Warriors,Away,121,Rockets,Home,108,26,29,29,37,21,29,30,28
401469230,2023-03-20,Mavericks,Away,108,Grizzlies,Home,112,28,32,36,12,30,27,26,29
401469231,2023-03-20,Kings,Away,120,Jazz,Home,128,19,33,43,25,40,28,27,33
401469232,2023-03-21,Wizards,Away,112,Magic,Home,122,25,31,32,24,26,34,27,35
401469233,2023-03-21,Pistons,Away,107,Hawks,Home,129,32,27,19,29,38,28,33,30
401469234,2023-03-21,Cavaliers,Away,115,Nets,Home,109,23,38,33,21,30,25,23,31
401469235,2023-03-21,Spurs,Away,84,Pelicans,Home,119,16,23,26,19,27,37,27,28
401469236,2023-03-21,Celtics,Away,132,Kings,Home,109,30,30,40,32,32,22,31,24
401469237,2023-03-21,Thunder,Away,101,Clippers,Home,100,23,33,24,21,22,29,30,19
401469238,2023-03-22,Nuggets,Away,118,Wizards,Home,104,31,24,39,24,29,28,16,31
401469239,2023-03-22,Knicks,Away,120,Heat,Home,127,32,29,25,34,31,33,28,35
401469240,2023-03-22,Pacers,Away,118,Raptors,Home,114,36,22,25,35,26,26,26,36
401469241,2023-03-22,Warriors,Away,127,Mavericks,Home,125,30,35,31,31,33,30,30,32
401469242,2023-03-22,76ers,Away,116,Bulls,Home,91,36,40,20,20,23,25,28,15
401469243,2023-03-22,Rockets,Away,125,Grizzlies,Home,130,34,30,32,29,37,38,26,29
401469244,2023-03-22,Spurs,Away,94,Bucks,Home,130,28,23,21,22,33,33,34,30
401469245,2023-03-22,Hawks,Away,124,Timberwolves,Home,125,40,22,35,27,39,28,27,31
401469246,2023-03-22,"Trail Blazers",Away,127,Jazz,Home,115,29,39,23,36,34,22,32,27
401469247,2023-03-22,Suns,Away,111,Lakers,Home,122,26,26,33,26,23,36,29,34
401469248,2023-03-23,Knicks,Away,106,Magic,Home,111,22,23,30,31,24,29,22,36
401469249,2023-03-23,Cavaliers,Away,116,Nets,Home,114,31,29,25,31,33,28,30,23
401469250,2023-03-23,Hornets,Away,96,Pelicans,Home,115,24,33,24,15,37,25,26,27
401469251,2023-03-23,Thunder,Away,105,Clippers,Home,127,29,25,26,25,36,18,38,35
401469252,2023-03-24,Pacers,Away,95,Celtics,Home,120,32,23,21,19,34,26,32,28
401469253,2023-03-24,Spurs,Away,124,Wizards,Home,136,26,36,36,26,33,33,33,37
401469254,2023-03-24,Pistons,Away,97,Raptors,Home,118,26,26,21,24,38,34,20,26
401469255,2023-03-24,Rockets,Away,114,Grizzlies,Home,151,30,22,32,30,42,41,36,32
401469256,2023-03-24,Hornets,Away,117,Mavericks,Home,109,37,32,26,22,26,29,32,22
401469257,2023-03-24,Bucks,Away,144,Jazz,Home,116,40,32,43,29,25,33,27,31
401469258,2023-03-24,76ers,Away,112,Warriors,Home,120,27,26,35,24,23,32,24,41
401469259,2023-03-24,Bulls,Away,124,"Trail Blazers",Home,96,26,35,33,30,26,19,27,24
401469260,2023-03-24,Suns,Away,127,Kings,Home,135,30,37,26,34,24,32,45,34
401469261,2023-03-24,Thunder,Away,111,Lakers,Home,116,25,41,26,19,41,33,19,23
401469262,2023-03-25,Pacers,Away,130,Hawks,Home,143,35,39,24,32,39,33,33,38
401469263,2023-03-25,Nets,Away,129,Heat,Home,100,28,37,39,25,36,33,18,13
401469264,2023-03-25,Bucks,Away,106,Nuggets,Home,129,38,28,19,21,37,26,34,32
401469265,2023-03-25,76ers,Away,105,Suns,Home,125,24,29,30,22,26,32,31,36
401469266,2023-03-25,Jazz,Away,113,Kings,Home,121,26,35,17,35,32,23,35,31
401469267,2023-03-25,Pelicans,Away,131,Clippers,Home,110,37,31,31,32,26,30,29,25
401469268,2023-03-26,Mavericks,Away,104,Hornets,Home,110,16,32,24,32,30,25,26,29
401469269,2023-03-26,Bulls,Away,118,Lakers,Home,108,29,34,28,27,26,29,23,30
401469270,2023-03-26,Grizzlies,Away,123,Hawks,Home,119,34,27,35,27,27,29,33,30
401469271,2023-03-26,Spurs,Away,93,Celtics,Home,137,32,26,19,16,30,38,28,41
401469272,2023-03-26,Rockets,Away,91,Cavaliers,Home,108,22,21,37,11,33,27,25,23
401469273,2023-03-26,Nets,Away,106,Magic,Home,119,25,26,23,32,24,36,32,27
401469274,2023-03-26,Wizards,Away,104,Raptors,Home,114,21,25,38,20,37,26,24,27
401469275,2023-03-26,Thunder,Away,118,"Trail Blazers",Home,112,25,43,28,22,37,25,32,18
401469276,2023-03-26,Timberwolves,Away,99,Warriors,Home,96,29,24,24,22,29,26,18,23
401469277,2023-03-27,Bucks,Away,126,Pistons,Home,117,31,26,37,32,27,24,39,27
401469278,2023-03-27,Mavericks,Away,127,Pacers,Home,104,29,30,40,28,27,20,27,30
401469279,2023-03-27,Rockets,Away,115,Knicks,Home,137,33,28,29,25,36,30,36,35
401469280,2023-03-27,Suns,Away,117,Jazz,Home,103,37,20,27,33,26,26,29,22
401469281,2023-03-27,76ers,Away,111,Nuggets,Home,116,18,39,20,34,25,36,30,25
401469282,2023-03-27,Pelicans,Away,124,"Trail Blazers",Home,90,34,24,31,35,14,21,20,35
401469283,2023-03-27,Timberwolves,Away,119,Kings,Home,115,34,23,29,33,25,33,27,30
401469284,2023-03-27,Bulls,Away,112,Clippers,Home,124,32,23,22,35,27,35,37,25
401469285,2023-03-28,Celtics,Away,111,Wizards,Home,130,23,28,27,33,29,35,35,31
401469286,2023-03-28,Cavaliers,Away,118,Hawks,Home,120,24,27,33,34,24,35,35,26
401469287,2023-03-28,Heat,Away,92,Raptors,Home,106,23,24,20,25,24,29,31,22
401469288,2023-03-28,Magic,Away,108,Grizzlies,Home,113,15,29,29,35,32,27,28,26
401469289,2023-03-28,Hornets,Away,137,Thunder,Home,134,26,31,36,44,23,45,31,35
401469290,2023-03-28,Pelicans,Away,109,Warriors,Home,120,36,27,26,20,25,21,39,35
401469291,2023-03-29,Bucks,Away,149,Pacers,Home,136,34,39,46,30,30,39,38,29
401469292,2023-03-29,Rockets,Away,114,Nets,Home,123,25,30,32,27,30,24,32,37
401469293,2023-03-29,Heat,Away,92,Knicks,Home,101,23,23,30,16,19,29,28,25
401469294,2023-03-29,Mavericks,Away,108,76ers,Home,116,37,25,29,17,28,29,32,27
401469295,2023-03-29,Lakers,Away,121,Bulls,Home,110,31,28,26,36,20,31,25,34
401469296,2023-03-29,Clippers,Away,141,Grizzlies,Home,132,29,41,35,36,30,34,41,27
401469297,2023-03-29,Pistons,Away,106,Thunder,Home,107,26,30,24,26,26,28,30,23
401469298,2023-03-29,Jazz,Away,128,Spurs,Home,117,36,28,29,35,33,29,26,29
401469299,2023-03-29,Timberwolves,Away,100,Suns,Home,107,24,27,23,26,25,23,33,26
401469300,2023-03-29,Kings,Away,120,"Trail Blazers",Home,80,19,31,33,37,20,26,18,16
401469303,2023-03-31,Bulls,Away,121,Hornets,Home,91,31,31,28,31,23,23,31,14
401469304,2023-03-31,Thunder,Away,117,Pacers,Home,121,32,29,33,23,36,29,25,31
401469305,2023-03-31,Raptors,Away,110,76ers,Home,117,30,27,29,24,31,46,22,18
401469306,2023-03-31,Magic,Away,116,Wizards,Home,109,24,36,25,31,32,31,33,13
401469307,2023-03-31,Jazz,Away,114,Celtics,Home,122,29,22,27,36,27,30,36,29
401469308,2023-03-31,Hawks,Away,107,Nets,Home,124,33,22,24,28,25,34,42,23
401469309,2023-03-31,Knicks,Away,130,Cavaliers,Home,116,42,37,26,25,47,25,30,14
401469310,2023-03-31,Pistons,Away,115,Rockets,Home,121,28,33,31,23,31,27,33,30
401469311,2023-03-31,Clippers,Away,94,Grizzlies,Home,108,34,17,21,22,21,34,31,22
401469312,2023-03-31,Lakers,Away,123,Timberwolves,Home,111,27,28,35,33,29,36,18,28
401469313,2023-03-31,Spurs,Away,115,Warriors,Home,130,26,25,37,27,23,31,33,43
401469314,2023-03-31,Kings,Away,138,"Trail Blazers",Home,114,36,35,33,34,27,32,30,25
401469315,2023-03-31,Nuggets,Away,93,Suns,Home,100,20,20,34,19,32,28,24,16
401469316,2023-04-01,Mavericks,Away,122,Heat,Home,129,31,33,32,26,44,32,26,27
401469317,2023-04-01,Clippers,Away,114,Pelicans,Home,122,31,25,34,24,21,34,36,31
401469318,2023-04-02,Raptors,Away,128,Hornets,Home,108,35,32,34,27,25,27,37,19
401469319,2023-04-02,Jazz,Away,110,Nets,Home,111,17,25,26,42,30,23,32,26
401469320,2023-04-02,Grizzlies,Away,107,Bulls,Home,128,36,32,16,23,25,28,40,35
401469321,2023-04-02,"Trail Blazers",Away,107,Timberwolves,Home,105,31,25,26,25,29,33,24,19
401469322,2023-04-02,Mavericks,Away,130,Hawks,Home,132,29,37,25,32,37,33,24,29
401469323,2023-04-02,Wizards,Away,109,Knicks,Home,118,31,30,18,30,34,19,33,32
401469324,2023-04-02,Pistons,Away,102,Magic,Home,128,29,15,24,34,34,29,28,37
401469325,2023-04-02,Spurs,Away,142,Kings,Home,134,32,31,33,27,30,28,34,31
401469326,2023-04-02,Lakers,Away,134,Rockets,Home,109,35,35,31,33,21,39,23,26
401469327,2023-04-02,Suns,Away,128,Thunder,Home,118,27,42,29,30,27,28,34,29
401469328,2023-04-02,Pacers,Away,105,Cavaliers,Home,115,28,33,26,18,28,31,27,29
401469329,2023-04-02,76ers,Away,104,Bucks,Home,117,26,27,29,22,41,28,27,21
401469330,2023-04-02,Warriors,Away,110,Nuggets,Home,112,36,25,26,23,26,32,31,23
401526670,2023-03-07,Wizards,Away,119,Pistons,Home,117,29,24,36,30,26,32,30,29
401539675,2023-04-14,Bulls,Away,91,Heat,Home,102,21,23,24,23,29,20,18,35
401539676,2023-04-14,Thunder,Away,95,Timberwolves,Home,120,23,24,31,17,24,33,38,25
401540750,2023-04-15,Nets,Away,101,76ers,Home,121,25,33,23,20,30,37,26,28
401540751,2023-04-15,Hawks,Away,99,Celtics,Home,112,19,25,31,24,29,45,20,18
401540752,2023-04-15,Knicks,Away,101,Cavaliers,Home,97,30,20,28,23,24,21,25,27
401540753,2023-04-15,Warriors,Away,123,Kings,Home,126,29,32,29,33,29,26,36,35
401540754,2023-04-16,Heat,Away,130,Bucks,Home,117,33,35,34,28,24,31,33,29
401540755,2023-04-16,Timberwolves,Away,80,Nuggets,Home,109,23,21,14,22,26,29,32,22
401540756,2023-04-16,Lakers,Away,128,Grizzlies,Home,112,32,27,37,32,27,38,25,22
401540757,2023-04-16,Clippers,Away,115,Suns,Home,110,30,29,22,34,18,36,27,29
